Zaman,Direk_ID,Ham_Gaz_Ohm,Duman_Yuzdesi,Max_Sicaklik,Pil

12:00:35.389,SISTEM,,,,,,,,,,,,📍 KAYIT BAŞLADI
12:00:36.534,TOWER-3BB8,38.0,-0.022,0.0,0,7.8,NORMAL,83,36.8512,28.6765,,,
12:00:37.348,TOWER-D018,44.2,0.1,88838.0,3.06,15.36,NORMAL,80,36.8503,28.675045,,,
12:00:38.583,TOWER-3BB8,38.6,0.0,0.0,0,8.16,NORMAL,83,36.8512,28.6765,,,
12:00:39.398,TOWER-D018,44.0,0.089,88744.0,3.17,15.08,NORMAL,80,36.8503,28.675045,,,
12:00:40.371,TOWER-3BB8,38.8,0.045,0.0,0,9.18,NORMAL,83,36.8512,28.6765,,,
12:00:41.445,TOWER-D018,44.0,0.067,88744.0,3.17,14.64,NORMAL,80,36.8503,28.675045,,,
12:00:42.417,TOWER-3BB8,38.6,0.011,0.0,0,8.38,NORMAL,83,36.8512,28.6765,,,
12:00:43.498,TOWER-D018,43.8,-0.022,88278.0,3.67,13.48,NORMAL,80,36.8503,28.675045,,,
12:00:44.464,TOWER-3BB8,38.6,0.0,0.0,0,8.16,NORMAL,83,36.8512,28.6765,,,
12:00:45.288,TOWER-D018,43.0,-0.078,89595.0,2.24,12.14,NORMAL,80,36.8503,28.675045,,,
12:00:46.530,TOWER-3BB8,38.8,-0.045,0.0,0,8.28,NORMAL,83,36.8512,28.6765,,,
12:00:47.339,TOWER-D018,43.2,0.011,89595.0,2.24,12.48,NORMAL,80,36.8503,28.675045,,,
12:00:48.562,TOWER-3BB8,38.6,0.0,0.0,0,8.16,NORMAL,83,36.8512,28.6765,,,
12:00:49.384,TOWER-D018,43.2,0.011,89500.0,2.34,12.54,NORMAL,78,36.8503,28.675045,,,
12:00:50.606,TOWER-3BB8,37.6,-0.077,0.0,0,7.56,NORMAL,83,36.8512,28.6765,,,
12:00:51.440,TOWER-D018,43.2,-0.011,89979.0,1.82,12.01,NORMAL,80,36.8503,28.675045,,,
12:00:52.396,TOWER-3BB8,38.6,0.022,0.0,0,8.6,NORMAL,83,36.8512,28.6765,,,
12:00:53.486,TOWER-D018,43.2,-0.022,89883.0,1.92,12.07,NORMAL,80,36.8503,28.675045,,,
12:00:54.448,TOWER-3BB8,38.6,0.034,0.0,0,8.84,NORMAL,83,36.8512,28.6765,,,
12:00:55.546,TOWER-D018,43.0,-0.066,90561.0,1.18,11.51,NORMAL,80,36.8503,28.675045,,,
12:00:56.496,TOWER-3BB8,38.8,0.011,0.0,0,8.5,NORMAL,83,36.8512,28.6765,,,
12:00:57.336,TOWER-D018,42.2,-0.1,92250.0,0,10.32,NORMAL,80,36.8503,28.675045,,,
12:07:58.365,SISTEM,,,,,,,,,,,,📍 KAYIT BAŞLADI
12:07:59.841,TOWER-D018,41.6,-0.023,100975.0,0.06,10.0,NORMAL,78,36.8503,28.675045,,,
12:08:01.984,TOWER-D018,42.0,0.011,100253.0,0.78,10.89,NORMAL,78,36.8503,28.675045,,,
12:08:03.539,TOWER-3BB8,36.6,0.042,49009.0,2.75,9.45,NORMAL,83,36.8512,28.6765,,,
12:08:03.557,TOWER-D018,42.0,-0.011,100014.0,1.02,10.81,NORMAL,80,36.8503,28.675045,,,
12:08:04.814,SISTEM,,,,,,,,,,,,📍 ateş
12:08:05.565,TOWER-3BB8,35.8,0.0,51344.0,0,6.48,NORMAL,83,36.8512,28.6765,,,
12:08:05.589,TOWER-D018,42.0,0.0,100014.0,1.02,10.81,NORMAL,78,36.8503,28.675045,,,
12:08:07.617,TOWER-3BB8,37.0,0.034,53466.0,0,7.88,NORMAL,83,36.8512,28.6765,,,
12:08:07.643,TOWER-D018,42.2,0.055,100014.0,1.02,12.03,NORMAL,76,36.8503,28.675045,,,
12:08:10.076,TOWER-D018,42.0,0.0,99423.0,1.6,11.16,NORMAL,76,36.8503,28.675045,,,
12:08:10.299,TOWER-3BB8,36.6,0.034,54436.0,0,7.64,NORMAL,83,36.8512,28.6765,,,
12:08:11.463,TOWER-3BB8,37.4,0.069,55958.0,0,8.82,NORMAL,83,36.8512,28.6765,,,
12:08:11.481,TOWER-D018,42.0,0.022,101893.0,0,10.64,NORMAL,78,36.8503,28.675045,,,
12:08:13.865,TOWER-3BB8,36.6,0.008,56408.0,0,7.12,NORMAL,83,36.8512,28.6765,,,
12:08:13.970,TOWER-D018,41.6,-0.022,101036.0,0.0,9.96,NORMAL,78,36.8503,28.675045,,,
12:08:15.532,TOWER-3BB8,36.0,-0.017,57098.0,0,6.6,NORMAL,83,36.8512,28.6765,,,
12:08:15.605,TOWER-D018,41.6,0.011,100074.0,0.96,10.76,NORMAL,78,36.8503,28.675045,,,
12:08:17.859,TOWER-3BB8,36.0,0.016,57371.0,0,6.92,NORMAL,83,36.8512,28.6765,,,
12:08:17.960,TOWER-D018,41.2,-0.022,99836.0,1.19,10.43,NORMAL,78,36.8503,28.675045,,,
12:08:19.435,TOWER-3BB8,35.8,0.0,57449.0,0,6.48,NORMAL,83,36.8512,28.6765,,,
12:08:19.657,TOWER-D018,41.4,-0.034,99071.0,1.95,11.01,NORMAL,80,36.8503,28.675045,,,
12:08:21.765,TOWER-3BB8,36.0,-0.033,57765.0,0,6.6,NORMAL,85,36.8512,28.6765,,,
12:08:21.861,TOWER-D018,42.0,0.0,99188.0,1.83,11.3,NORMAL,78,36.8503,28.675045,,,
12:08:23.304,TOWER-3BB8,36.0,0.011,59105.0,0,6.82,NORMAL,83,36.8512,28.6765,,,
12:08:23.507,TOWER-D018,41.2,-0.045,101586.0,0,9.72,NORMAL,78,36.8503,28.675045,,,
12:08:25.348,TOWER-3BB8,36.0,-0.056,58570.0,0,6.6,NORMAL,83,36.8512,28.6765,,,
12:08:25.653,TOWER-D018,41.4,-0.044,100134.0,0.9,10.38,NORMAL,78,36.8503,28.675045,,,
12:08:27.392,TOWER-3BB8,35.8,-0.047,58611.0,0,6.48,NORMAL,83,36.8512,28.6765,,,
12:08:27.602,TOWER-D018,41.8,-0.011,99718.0,1.31,10.87,NORMAL,78,36.8503,28.675045,,,
12:08:29.547,TOWER-3BB8,35.4,-0.111,58816.0,0,6.24,NORMAL,83,36.8512,28.6765,,,
12:08:29.613,TOWER-D018,42.0,0.0,100733.0,0.3,10.38,NORMAL,78,36.8503,28.675045,,,
12:08:31.493,TOWER-3BB8,35.4,-0.068,59105.0,0,6.24,NORMAL,83,36.8512,28.6765,,,
12:08:31.657,TOWER-D018,42.0,0.023,99836.0,1.19,11.37,NORMAL,78,36.8503,28.675045,,,
12:08:33.753,TOWER-D018,42.0,0.022,99836.0,1.19,11.35,NORMAL,78,36.8503,28.675045,,,
12:08:35.728,TOWER-D018,42.0,0.045,100975.0,0.06,11.14,NORMAL,78,36.8503,28.675045,,,
12:08:38.148,TOWER-D018,42.0,0.032,99777.0,1.25,11.59,NORMAL,80,36.8503,28.675045,,,
12:08:39.608,TOWER-D018,42.0,0.0,99836.0,1.19,10.91,NORMAL,76,36.8503,28.675045,,,
12:08:42.131,TOWER-D018,46.8,0.301,99130.0,1.89,20.23,NORMAL,78,36.8503,28.675045,,,
12:08:43.678,TOWER-D018,52.2,0.599,98897.0,2.12,29.57,NORMAL,78,36.8503,28.675045,,,
12:08:44.037,TOWER-3BB8,35.8,-0.007,60466.0,0,6.48,NORMAL,81,36.8512,28.6765,,,
12:08:45.193,TOWER-3BB8,36.4,0.015,48332.0,4.1,9.6,NORMAL,83,36.8512,28.6765,,,
12:08:45.626,TOWER-D018,45.2,0.189,100074.0,0.96,16.48,NORMAL,78,36.8503,28.675045,,,
12:08:47.548,TOWER-3BB8,35.8,0.0,51312.0,0,6.48,NORMAL,83,36.8512,28.6765,,,
12:08:47.670,TOWER-D018,51.8,0.543,99071.0,1.95,28.11,NORMAL,76,36.8503,28.675045,,,
12:08:50.013,TOWER-D018,63.8,1.188,97294.0,3.71,49.27,NORMAL,78,36.8503,28.675045,,,
12:08:52.155,TOWER-D018,60.4,1.0,96126.0,4.86,44.16,NORMAL,76,36.8503,28.675045,,,
12:08:52.268,TOWER-3BB8,36.4,0.013,53843.0,0,7.1,NORMAL,83,36.8512,28.6765,,,
12:08:53.205,TOWER-3BB8,36.4,0.013,51156.0,0,7.1,NORMAL,83,36.8512,28.6765,,,
12:08:54.109,TOWER-D018,71.4,1.599,94293.0,6.68,63.83,UYARI,78,36.8503,28.675045,,,
12:08:54.115,SISTEM,,,,,,,,,,,,"📍 🚨 SWARM TETİKLENDİ: TOWER-D018, 1 kuleyi uyarıyor"
12:08:54.768,SISTEM,,,,,,,,,,,,📍 ⚠️ SWARM HATA: TOWER-3BB8 kulesine ulaşılamadı!
12:08:55.353,TOWER-3BB8,36.4,0.013,53331.0,0,7.1,NORMAL,83,36.8512,28.6765,,,
12:08:55.691,TOWER-D018,65.4,1.334,92149.0,8.8,56.2,UYARI,78,36.8503,28.675045,,,
12:08:57.475,TOWER-D018,60.0,1.007,93585.0,7.38,45.57,NORMAL,78,36.8503,28.675045,,,
12:08:57.497,TOWER-3BB8,36.2,0.013,54934.0,0,6.98,NORMAL,83,36.8512,28.6765,,,
12:08:59.348,TOWER-3BB8,36.0,0.02,55995.0,0,7.0,NORMAL,83,36.8512,28.6765,,,
12:08:59.567,TOWER-D018,64.8,1.033,94004.0,6.96,48.72,NORMAL,80,36.8503,28.675045,,,
12:09:01.400,TOWER-3BB8,36.6,0.04,56982.0,0,7.76,NORMAL,83,36.8512,28.6765,,,
12:09:01.597,TOWER-D018,77.8,1.429,94004.0,6.96,62.76,UYARI,78,36.8503,28.675045,,,
12:09:03.645,TOWER-3BB8,36.0,0.01,59022.0,0,6.8,NORMAL,82,36.8512,28.6765,,,
12:09:03.740,TOWER-D018,78.8,1.855,94320.0,6.65,71.09,UYARI,78,36.8503,28.675045,,,
12:09:05.679,TOWER-3BB8,36.4,0.0,59314.0,0,6.84,NORMAL,82,36.8512,28.6765,,,
12:09:05.701,TOWER-D018,69.6,0.987,93585.0,7.38,50.93,NORMAL,80,36.8503,28.675045,,,
12:09:07.704,TOWER-D018,83.0,1.085,92964.0,7.99,56.49,UYARI,78,36.8503,28.675045,,,
12:09:07.724,TOWER-3BB8,36.4,0.03,59314.0,0,7.44,NORMAL,83,36.8512,28.6765,,,
12:09:09.311,TOWER-3BB8,36.4,0.0,59356.0,0,6.84,NORMAL,83,36.8512,28.6765,,,
12:09:10.083,TOWER-D018,101.2,2.276,93585.0,7.38,100.0,KRİTİK,78,36.8503,28.675045,,,
12:09:11.822,TOWER-3BB8,36.4,0.0,59356.0,0,6.84,NORMAL,83,36.8512,28.6765,,,
12:09:11.923,TOWER-D018,103.6,1.807,92352.0,8.6,100.0,KRİTİK,76,36.8503,28.675045,,,
12:09:13.387,TOWER-3BB8,35.4,-0.055,59524.0,0,6.24,NORMAL,83,36.8512,28.6765,,,
12:09:13.627,TOWER-D018,107.8,2.364,91348.0,9.59,100.0,KRİTİK,76,36.8503,28.675045,,,
12:09:15.606,TOWER-3BB8,35.8,-0.022,60335.0,0,6.48,NORMAL,83,36.8512,28.6765,,,
12:09:15.651,TOWER-D018,112.2,2.873,90756.0,10.18,100.0,KRİTİK,78,36.8503,28.675045,,,
12:09:17.560,TOWER-3BB8,36.0,0.0,60379.0,0,6.6,NORMAL,83,36.8512,28.6765,,,
12:09:17.712,TOWER-D018,114.6,2.743,90854.0,10.08,100.0,KRİTİK,78,36.8503,28.675045,,,
12:09:19.914,TOWER-D018,123.0,2.468,91348.0,9.59,100.0,KRİTİK,78,36.8503,28.675045,,,
12:09:21.527,TOWER-D018,123.8,2.531,90075.0,10.85,100.0,KRİTİK,78,36.8503,28.675045,,,
12:09:22.797,TOWER-3BB8,36.8,0.009,60466.0,0,7.26,NORMAL,83,36.8512,28.6765,,,
12:09:23.620,TOWER-3BB8,36.6,0.03,55368.0,0,7.56,NORMAL,83,36.8512,28.6765,,,
12:09:23.712,TOWER-D018,138.2,3.809,89405.0,11.52,100.0,KRİTİK,78,36.8503,28.675045,,,
12:09:25.670,TOWER-3BB8,36.4,0.0,57567.0,0,6.84,NORMAL,83,36.8512,28.6765,,,
12:09:25.757,TOWER-D018,135.2,2.891,88932.0,11.98,100.0,KRİTİK,76,36.8503,28.675045,,,
12:09:27.711,TOWER-3BB8,36.8,0.02,58898.0,0,7.48,NORMAL,83,36.8512,28.6765,,,
12:09:27.804,TOWER-D018,132.2,1.749,89121.0,11.8,100.0,KRİTİK,78,36.8503,28.675045,,,
12:09:29.859,TOWER-D018,135.6,1.785,88838.0,12.08,100.0,KRİTİK,80,36.8503,28.675045,,,
12:09:29.870,TOWER-3BB8,36.4,0.0,59524.0,0,6.84,NORMAL,83,36.8512,28.6765,,,
12:09:31.501,TOWER-D018,130.6,1.276,90075.0,10.85,100.0,KRİTİK,78,36.8503,28.675045,,,
12:09:31.808,TOWER-3BB8,34.4,-0.1,60120.0,0,5.64,NORMAL,83,36.8512,28.6765,,,
12:09:33.534,TOWER-D018,131.2,1.062,87634.0,13.27,100.0,KRİTİK,78,36.8503,28.675045,,,
12:09:33.902,TOWER-3BB8,34.4,-0.049,60553.0,0,5.64,NORMAL,83,36.8512,28.6765,,,
12:09:36.094,TOWER-D018,130.6,0.871,86462.0,14.43,100.0,KRİTİK,78,36.8503,28.675045,,,
12:09:36.104,TOWER-3BB8,34.4,-0.068,61573.0,0,5.64,NORMAL,81,36.8512,28.6765,,,
12:09:37.647,TOWER-D018,124.4,0.079,86462.0,14.43,100.0,KRİTİK,78,36.8503,28.675045,,,
12:09:37.664,TOWER-3BB8,34.4,-0.08,61393.0,0,5.64,NORMAL,83,36.8512,28.6765,,,
12:09:39.667,TOWER-D018,121.6,-0.121,86108.0,14.78,100.0,KRİTİK,78,36.8503,28.675045,,,
12:09:39.690,TOWER-3BB8,34.4,-0.142,61528.0,0,5.64,NORMAL,83,36.8512,28.6765,,,
12:09:41.738,TOWER-D018,126.6,-0.644,84549.0,16.32,100.0,KRİTİK,78,36.8503,28.675045,,,
12:09:41.751,TOWER-3BB8,34.6,-0.11,61438.0,0,5.76,NORMAL,83,36.8512,28.6765,,,
12:09:43.814,TOWER-3BB8,35.2,-0.066,61304.0,0,6.12,NORMAL,83,36.8512,28.6765,,,
12:09:43.872,TOWER-D018,126.4,-0.486,83707.0,17.15,100.0,KRİTİK,78,36.8503,28.675045,,,
12:09:45.935,TOWER-D018,136.2,0.221,82800.0,18.05,100.0,KRİTİK,80,36.8503,28.675045,,,
12:09:46.033,TOWER-3BB8,35.2,-0.087,60860.0,0,6.12,NORMAL,83,36.8512,28.6765,,,
12:09:48.173,TOWER-D018,142.8,0.393,83292.0,17.57,100.0,KRİTİK,78,36.8503,28.675045,,,
12:09:48.195,TOWER-3BB8,35.0,-0.076,62119.0,0,6.0,NORMAL,83,36.8512,28.6765,,,
12:09:49.645,TOWER-D018,150.0,1.069,83210.0,17.65,100.0,KRİTİK,76,36.8503,28.675045,,,
12:09:49.677,TOWER-3BB8,35.0,0.034,62073.0,0,6.68,NORMAL,81,36.8512,28.6765,,,
12:09:52.184,TOWER-D018,158.8,1.48,83210.0,17.65,100.0,KRİTİK,78,36.8503,28.675045,,,
12:09:52.205,TOWER-3BB8,34.8,0.022,62349.0,0,6.32,NORMAL,83,36.8512,28.6765,,,
12:09:53.917,TOWER-D018,152.8,1.245,86108.0,14.78,100.0,KRİTİK,78,36.8503,28.675045,,,
12:09:53.938,TOWER-3BB8,35.4,0.056,62396.0,0,7.36,NORMAL,83,36.8512,28.6765,,,
12:09:55.567,TOWER-D018,152.0,1.54,86285.0,14.6,100.0,KRİTİK,78,36.8503,28.675045,,,
12:09:55.572,SISTEM,,,,,,,,,,,,"📍 🚨 SWARM TETİKLENDİ: TOWER-D018, 1 kuleyi uyarıyor"
12:09:56.213,SISTEM,,,,,,,,,,,,📍 ⚠️ SWARM HATA: TOWER-3BB8 kulesine ulaşılamadı!
12:09:56.270,TOWER-3BB8,35.4,0.054,62721.0,0,7.32,NORMAL,83,36.8512,28.6765,,,
12:09:57.615,TOWER-D018,152.4,1.716,86373.0,14.52,100.0,KRİTİK,78,36.8503,28.675045,,,
12:09:57.627,TOWER-3BB8,35.4,0.056,64403.0,0,7.36,NORMAL,83,36.8512,28.6765,,,
12:09:59.662,TOWER-D018,149.8,1.294,85495.0,15.38,100.0,KRİTİK,78,36.8503,28.675045,,,
12:09:59.680,TOWER-3BB8,35.6,0.056,64601.0,0,7.48,NORMAL,83,36.8512,28.6765,,,
12:10:01.709,TOWER-D018,129.8,0.191,85844.0,15.04,100.0,KRİTİK,80,36.8503,28.675045,,,
12:10:01.722,TOWER-3BB8,35.0,-0.011,64158.0,0,6.0,NORMAL,83,36.8512,28.6765,,,
12:10:04.157,TOWER-D018,147.2,0.604,87180.0,13.72,100.0,KRİTİK,78,36.8503,28.675045,,,
12:10:04.256,TOWER-3BB8,34.6,-0.033,64207.0,0,5.76,NORMAL,83,36.8512,28.6765,,,
12:10:05.809,TOWER-D018,155.0,0.692,86462.0,14.43,100.0,KRİTİK,80,36.8503,28.675045,,,
12:10:05.829,TOWER-3BB8,34.0,-0.057,64011.0,0,5.4,NORMAL,83,36.8512,28.6765,,,
12:10:07.856,TOWER-3BB8,34.4,-0.033,63768.0,0,5.64,NORMAL,83,36.8512,28.6765,,,
12:10:07.937,TOWER-D018,153.8,0.208,85495.0,15.38,100.0,KRİTİK,80,36.8503,28.675045,,,
12:10:09.797,TOWER-3BB8,35.0,0.011,65508.0,0,6.22,NORMAL,83,36.8512,28.6765,,,
12:10:09.812,TOWER-D018,158.4,-0.023,85757.0,15.13,100.0,KRİTİK,78,36.8503,28.675045,,,
12:10:11.643,TOWER-3BB8,35.6,0.011,64851.0,0,6.58,NORMAL,83,36.8512,28.6765,,,
12:10:11.658,TOWER-D018,153.4,0.034,86909.0,13.99,100.0,KRİTİK,80,36.8503,28.675045,,,
12:10:14.200,TOWER-3BB8,34.0,-0.078,64951.0,0,5.4,NORMAL,81,36.8512,28.6765,,,
12:10:14.217,TOWER-D018,150.0,-0.107,87180.0,13.72,100.0,KRİTİK,78,36.8503,28.675045,,,
12:10:15.530,TOWER-D018,150.4,-0.112,89215.0,11.7,100.0,KRİTİK,80,36.8503,28.675045,,,
12:10:15.740,TOWER-3BB8,34.8,-0.033,64801.0,0,5.88,NORMAL,83,36.8512,28.6765,,,
12:10:17.781,TOWER-3BB8,35.4,-0.011,65304.0,0,6.24,NORMAL,83,36.8512,28.6765,,,
12:10:17.794,TOWER-D018,149.8,0.0,88001.0,12.9,100.0,KRİTİK,78,36.8503,28.675045,,,
12:10:19.627,TOWER-D018,145.4,0.871,88186.0,12.72,100.0,KRİTİK,78,36.8503,28.675045,,,
12:10:19.823,TOWER-3BB8,34.4,-0.033,65970.0,0,5.64,NORMAL,83,36.8512,28.6765,,,
12:10:21.885,TOWER-3BB8,35.4,0.045,66969.0,0,7.14,NORMAL,83,36.8512,28.6765,,,
12:10:21.900,TOWER-D018,148.2,0.056,87180.0,13.72,100.0,KRİTİK,78,36.8503,28.675045,,,
12:10:24.021,TOWER-D018,148.0,-0.384,87361.0,13.54,100.0,KRİTİK,78,36.8503,28.675045,,,
12:10:24.032,TOWER-3BB8,35.0,0.055,66703.0,0,7.1,NORMAL,83,36.8512,28.6765,,,
12:10:25.483,TOWER-D018,144.4,-0.536,89026.0,11.89,100.0,KRİTİK,76,36.8503,28.675045,,,
12:10:25.704,TOWER-3BB8,34.6,0.011,66335.0,0,5.98,NORMAL,82,36.8512,28.6765,,,
12:10:27.528,TOWER-D018,145.8,-0.711,89026.0,11.89,100.0,KRİTİK,76,36.8503,28.675045,,,
12:10:27.744,TOWER-3BB8,34.8,-0.011,66022.0,0,5.88,NORMAL,83,36.8512,28.6765,,,
12:10:29.562,TOWER-D018,136.6,-0.938,88278.0,12.63,100.0,KRİTİK,76,36.8503,28.675045,,,
12:10:29.790,TOWER-3BB8,34.4,-0.066,65970.0,0,5.64,NORMAL,83,36.8512,28.6765,,,
12:10:31.583,TOWER-3BB8,34.4,0.023,66545.0,0,6.1,NORMAL,83,36.8512,28.6765,,,
12:10:31.609,TOWER-D018,132.6,-1.0,88464.0,12.45,100.0,KRİTİK,76,36.8503,28.675045,,,
12:10:33.628,TOWER-3BB8,34.0,-0.045,66545.0,0,5.4,NORMAL,83,36.8512,28.6765,,,
12:10:33.654,TOWER-D018,132.8,-0.971,88371.0,12.54,100.0,KRİTİK,78,36.8503,28.675045,,,
12:10:35.705,TOWER-D018,133.4,-0.916,88371.0,12.54,100.0,KRİTİK,78,36.8503,28.675045,,,
12:10:35.733,TOWER-3BB8,34.4,-0.056,66597.0,0,5.64,NORMAL,83,36.8512,28.6765,,,
12:10:37.651,TOWER-D018,131.4,-0.777,90463.0,10.47,100.0,KRİTİK,78,36.8503,28.675045,,,
12:10:37.841,TOWER-3BB8,34.4,0.0,66650.0,0,5.64,NORMAL,83,36.8512,28.6765,,,
12:10:39.548,TOWER-D018,130.8,-0.986,89215.0,11.7,100.0,KRİTİK,78,36.8503,28.675045,,,
12:10:39.807,TOWER-3BB8,34.4,-0.056,66178.0,0,5.64,NORMAL,83,36.8512,28.6765,,,
12:10:41.854,TOWER-3BB8,34.8,-0.011,65970.0,0,5.88,NORMAL,83,36.8512,28.6765,,,
12:10:41.936,TOWER-D018,127.4,-1.15,88932.0,11.98,100.0,KRİTİK,78,36.8503,28.675045,,,
12:10:43.595,TOWER-3BB8,34.4,-0.011,66915.0,0,5.64,NORMAL,83,36.8512,28.6765,,,
12:10:43.641,TOWER-D018,126.6,-0.98,88186.0,12.72,100.0,KRİTİK,77,36.8503,28.675045,,,
12:10:46.133,TOWER-D018,128.0,-0.957,88651.0,12.26,100.0,KRİTİK,78,36.8503,28.675045,,,
12:10:46.157,TOWER-3BB8,35.0,0.011,66545.0,0,6.22,NORMAL,82,36.8512,28.6765,,,
12:10:47.481,TOWER-D018,127.4,-0.513,90269.0,10.66,100.0,KRİTİK,78,36.8503,28.675045,,,
12:10:47.754,TOWER-3BB8,34.4,0.0,66545.0,0,5.64,NORMAL,83,36.8512,28.6765,,,
12:10:49.527,TOWER-D018,128.0,-0.257,88278.0,12.63,100.0,KRİTİK,78,36.8503,28.675045,,,
12:10:49.733,TOWER-3BB8,34.6,0.011,65712.0,0,5.98,NORMAL,83,36.8512,28.6765,,,
12:10:51.589,TOWER-D018,126.8,-0.335,87909.0,13.0,100.0,KRİTİK,78,36.8503,28.675045,,,
12:10:51.783,TOWER-3BB8,35.2,0.066,65867.0,0,7.44,NORMAL,83,36.8512,28.6765,,,
12:10:53.620,TOWER-D018,124.6,-0.491,88838.0,12.08,100.0,KRİTİK,78,36.8503,28.675045,,,
12:10:53.829,TOWER-3BB8,34.6,0.011,66230.0,0,5.98,NORMAL,83,36.8512,28.6765,,,
12:10:55.675,TOWER-D018,124.6,-0.377,88932.0,11.98,100.0,KRİTİK,78,36.8503,28.675045,,,
12:10:55.691,SISTEM,,,,,,,,,,,,"📍 🚨 SWARM TETİKLENDİ: TOWER-D018, 1 kuleyi uyarıyor"
12:10:56.400,SISTEM,,,,,,,,,,,,📍 ⚠️ SWARM HATA: TOWER-3BB8 kulesine ulaşılamadı!
12:10:56.416,TOWER-3BB8,34.4,0.0,66862.0,0,5.64,NORMAL,83,36.8512,28.6765,,,
12:10:57.723,TOWER-D018,124.4,-0.352,88651.0,12.26,100.0,KRİTİK,78,36.8503,28.675045,,,
12:10:57.830,TOWER-3BB8,35.4,0.055,66545.0,0,7.34,NORMAL,83,36.8512,28.6765,,,
12:10:59.960,TOWER-D018,123.4,-0.222,90366.0,10.56,100.0,KRİTİK,78,36.8503,28.675045,,,
12:11:01.724,TOWER-D018,122.8,-0.21,90561.0,10.37,100.0,KRİTİK,78,36.8503,28.675045,,,
12:11:02.417,TOWER-3BB8,34.6,-0.01,66756.0,0,5.76,NORMAL,83,36.8512,28.6765,,,
12:11:03.596,TOWER-D018,123.6,-0.252,91051.0,9.89,100.0,KRİTİK,78,36.8503,28.675045,,,
12:11:03.674,TOWER-3BB8,34.0,-0.02,62073.0,0,5.4,NORMAL,83,36.8512,28.6765,,,
12:11:05.506,TOWER-3BB8,34.4,-0.031,63720.0,0,5.64,NORMAL,83,36.8512,28.6765,,,
12:11:05.637,TOWER-D018,125.8,-0.088,92250.0,8.7,100.0,KRİTİK,78,36.8503,28.675045,,,
12:11:07.158,TOWER-3BB8,34.4,0.0,64552.0,0,5.64,NORMAL,83,36.8512,28.6765,,,
12:11:08.250,TOWER-D018,121.4,-0.352,94426.0,6.55,100.0,KRİTİK,78,36.8503,28.675045,,,
12:11:09.226,TOWER-3BB8,33.8,-0.041,64851.0,0,5.28,NORMAL,82,36.8512,28.6765,,,
12:11:09.508,TOWER-D018,120.6,-0.346,96790.0,4.21,100.0,KRİTİK,78,36.8503,28.675045,,,
12:11:11.264,TOWER-3BB8,33.6,-0.082,65102.0,0,5.16,NORMAL,83,36.8512,28.6765,,,
12:11:11.545,TOWER-D018,115.8,-0.491,96568.0,4.43,100.0,KRİTİK,76,36.8503,28.675045,,,
12:11:13.285,TOWER-3BB8,33.8,-0.041,65406.0,0,5.28,NORMAL,83,36.8512,28.6765,,,
12:11:13.568,TOWER-D018,114.0,-0.592,96902.0,4.1,100.0,KRİTİK,78,36.8503,28.675045,,,
12:11:15.296,TOWER-3BB8,33.6,-0.042,65457.0,0,5.16,NORMAL,82,36.8512,28.6765,,,
12:11:15.617,TOWER-D018,114.8,-0.536,96457.0,4.54,100.0,KRİTİK,78,36.8503,28.675045,,,
12:11:17.677,TOWER-3BB8,34.2,-0.06,66545.0,0,5.52,NORMAL,83,36.8512,28.6765,,,
12:11:17.705,TOWER-D018,115.2,-0.462,96071.0,4.92,100.0,KRİTİK,78,36.8503,28.675045,,,
12:11:19.618,TOWER-3BB8,33.8,-0.047,66230.0,0,5.28,NORMAL,81,36.8512,28.6765,,,
12:11:19.708,TOWER-D018,114.2,-0.478,98203.0,2.81,100.0,KRİTİK,76,36.8503,28.675045,,,
12:11:21.512,TOWER-D018,113.6,-0.558,100854.0,0.18,100.0,KRİTİK,78,36.8503,28.675045,,,
12:11:21.565,TOWER-3BB8,33.8,-0.011,66439.0,0,5.28,NORMAL,80,36.8512,28.6765,,,
12:11:23.541,TOWER-D018,110.6,-0.849,100373.0,0.66,100.0,KRİTİK,78,36.8503,28.675045,,,
12:11:23.617,TOWER-3BB8,34.0,-0.022,65867.0,0,5.4,NORMAL,82,36.8512,28.6765,,,
12:11:25.588,TOWER-D018,111.8,-0.554,100854.0,0.18,100.0,KRİTİK,78,36.8503,28.675045,,,
12:11:25.868,TOWER-3BB8,33.6,-0.043,65253.0,0,5.16,NORMAL,83,36.8512,28.6765,,,
12:11:27.326,TOWER-3BB8,33.8,0.0,65152.0,0,5.28,NORMAL,83,36.8512,28.6765,,,
12:11:27.637,TOWER-D018,109.0,-0.64,100915.0,0.12,100.0,KRİTİK,80,36.8503,28.675045,,,
12:11:29.264,TOWER-3BB8,33.8,0.011,66492.0,0,5.5,NORMAL,83,36.8512,28.6765,,,
12:11:29.684,TOWER-D018,108.2,-0.419,99896.0,1.13,100.0,KRİTİK,78,36.8503,28.675045,,,
12:11:31.469,TOWER-D018,107.8,-0.346,101709.0,0,100.0,KRİTİK,78,36.8503,28.675045,,,
12:11:31.500,TOWER-3BB8,34.2,0.022,65764.0,0,5.96,NORMAL,83,36.8512,28.6765,,,
12:11:33.559,TOWER-D018,103.6,-0.624,101341.0,0,100.0,KRİTİK,78,36.8503,28.675045,,,
12:11:33.653,TOWER-3BB8,33.6,0.0,66335.0,0,5.16,NORMAL,82,36.8512,28.6765,,,
12:11:35.227,TOWER-3BB8,34.4,0.011,66492.0,0,5.86,NORMAL,82,36.8512,28.6765,,,
12:11:36.001,TOWER-D018,101.4,-0.754,98607.0,2.41,100.0,KRİTİK,76,36.8503,28.675045,,,
12:11:37.605,TOWER-D018,101.0,-0.738,98664.0,2.35,100.0,KRİTİK,78,36.8503,28.675045,,,
12:11:37.647,TOWER-3BB8,34.0,0.011,67507.0,0,5.62,NORMAL,83,36.8512,28.6765,,,
12:11:39.997,TOWER-3BB8,34.0,0.011,67670.0,0,5.62,NORMAL,83,36.8512,28.6765,,,
12:11:40.105,TOWER-D018,100.4,-0.71,98607.0,2.41,100.0,KRİTİK,78,36.8503,28.675045,,,
12:11:41.162,TOWER-3BB8,33.8,-0.011,68330.0,0,5.28,NORMAL,83,36.8512,28.6765,,,
12:11:41.696,TOWER-D018,101.0,-0.529,99600.0,1.43,100.0,KRİTİK,78,36.8503,28.675045,,,
12:11:43.280,TOWER-3BB8,33.8,0.011,67183.0,0,5.5,NORMAL,83,36.8512,28.6765,,,
12:11:43.494,TOWER-D018,98.4,-0.748,100975.0,0.06,100.0,KRİTİK,78,36.8503,28.675045,,,
12:11:45.267,TOWER-3BB8,33.8,0.0,66809.0,0,5.28,NORMAL,83,36.8512,28.6765,,,
12:11:45.530,TOWER-D018,97.4,-0.648,98722.0,2.29,100.0,KRİTİK,78,36.8503,28.675045,,,
12:11:47.314,TOWER-3BB8,33.6,-0.011,66969.0,0,5.16,NORMAL,83,36.8512,28.6765,,,
12:11:47.595,TOWER-D018,97.4,-0.603,94852.0,6.12,100.0,KRİTİK,78,36.8503,28.675045,,,
12:11:49.337,TOWER-3BB8,33.6,-0.034,67779.0,0,5.16,NORMAL,83,36.8512,28.6765,,,
12:11:49.626,TOWER-D018,96.0,-0.65,94852.0,6.12,100.0,KRİTİK,77,36.8503,28.675045,,,
12:11:51.775,TOWER-3BB8,33.8,0.011,69173.0,0,5.5,NORMAL,82,36.8512,28.6765,,,
12:11:53.331,TOWER-3BB8,34.6,0.011,69344.0,0,5.98,NORMAL,83,36.8512,28.6765,,,
12:11:54.848,TOWER-D018,96.2,-0.348,95391.0,5.59,100.0,KRİTİK,78,36.8503,28.675045,,,
12:11:55.196,TOWER-3BB8,34.8,0.046,69574.0,0,6.8,NORMAL,82,36.8512,28.6765,,,
12:11:55.970,TOWER-D018,95.8,-0.28,83458.0,17.4,100.0,KRİTİK,78,36.8503,28.675045,,,
12:11:55.975,SISTEM,,,,,,,,,,,,"📍 🚨 SWARM TETİKLENDİ: TOWER-D018, 1 kuleyi uyarıyor"
12:11:56.630,SISTEM,,,,,,,,,,,,📍 ⚠️ SWARM HATA: TOWER-3BB8 kulesine ulaşılamadı!
12:11:57.468,TOWER-3BB8,34.4,0.023,69516.0,0,6.1,NORMAL,81,36.8512,28.6765,,,
12:11:58.440,TOWER-D018,93.8,-0.346,87725.0,13.18,100.0,KRİTİK,78,36.8503,28.675045,,,
12:11:59.290,TOWER-3BB8,33.8,0.0,69230.0,0,5.28,NORMAL,83,36.8512,28.6765,,,
12:12:00.597,TOWER-D018,93.4,-0.342,90366.0,10.56,100.0,KRİTİK,80,36.8503,28.675045,,,
12:12:01.335,TOWER-3BB8,33.6,-0.011,69402.0,0,5.16,NORMAL,83,36.8512,28.6765,,,
12:12:01.940,TOWER-D018,92.2,-0.435,91051.0,9.89,100.0,KRİTİK,78,36.8503,28.675045,,,
12:12:03.258,TOWER-3BB8,33.6,-0.011,69863.0,0,5.16,NORMAL,83,36.8512,28.6765,,,
12:12:04.207,TOWER-D018,94.0,-0.212,91847.0,9.1,100.0,KRİTİK,78,36.8503,28.675045,,,
12:12:05.822,TOWER-3BB8,33.8,0.011,69805.0,0,5.5,NORMAL,82,36.8512,28.6765,,,
12:12:06.228,TOWER-D018,95.2,-0.106,95283.0,5.7,100.0,KRİTİK,78,36.8503,28.675045,,,
12:12:07.868,TOWER-3BB8,33.6,0.0,69287.0,0,5.16,NORMAL,83,36.8512,28.6765,,,
12:12:08.271,TOWER-D018,93.4,-0.193,94293.0,6.68,100.0,KRİTİK,78,36.8503,28.675045,,,
12:12:09.509,TOWER-3BB8,33.4,-0.023,69116.0,0,5.04,NORMAL,83,36.8512,28.6765,,,
12:12:09.850,TOWER-D018,93.4,-0.129,95254.0,5.73,100.0,KRİTİK,76,36.8503,28.675045,,,
12:12:11.453,TOWER-3BB8,33.4,-0.066,69116.0,0,5.04,NORMAL,83,36.8512,28.6765,,,
12:12:12.469,TOWER-D018,85.4,-0.613,95634.0,5.35,33.21,NORMAL,78,36.8503,28.675045,,,
12:12:13.691,TOWER-3BB8,33.6,-0.065,69689.0,0,5.16,NORMAL,83,36.8512,28.6765,,,
12:12:13.928,TOWER-D018,91.2,-0.256,96679.0,4.32,100.0,KRİTİK,78,36.8503,28.675045,,,
12:12:15.138,TOWER-3BB8,34.0,-0.023,70864.0,0,5.4,NORMAL,83,36.8512,28.6765,,,
12:12:16.149,TOWER-D018,89.8,-0.226,98549.0,2.47,31.48,NORMAL,78,36.8503,28.675045,,,
12:12:17.154,TOWER-3BB8,33.6,-0.011,71044.0,0,5.16,NORMAL,83,36.8512,28.6765,,,
12:12:18.193,TOWER-D018,88.4,-0.284,98032.0,2.98,31.79,NORMAL,78,36.8503,28.675045,,,
12:12:19.833,TOWER-3BB8,33.8,0.011,70448.0,0,5.5,NORMAL,83,36.8512,28.6765,,,
12:12:19.944,TOWER-D018,88.2,-0.222,96623.0,4.37,32.62,NORMAL,78,36.8503,28.675045,,,
12:12:21.290,TOWER-3BB8,33.6,0.0,70331.0,0,5.16,NORMAL,83,36.8512,28.6765,,,
12:12:21.837,TOWER-D018,71.0,-1.305,94505.0,6.47,31.48,NORMAL,76,36.8503,28.675045,,,
12:12:23.545,TOWER-3BB8,33.6,-0.011,70213.0,0,5.16,NORMAL,83,36.8512,28.6765,,,
12:12:23.900,TOWER-D018,87.6,-0.43,95363.0,5.62,33.37,NORMAL,78,36.8503,28.675045,,,
12:12:25.485,TOWER-3BB8,32.8,-0.045,69805.0,0,4.68,NORMAL,83,36.8512,28.6765,,,
12:12:26.388,TOWER-D018,86.2,-0.398,96401.0,4.59,32.75,NORMAL,78,36.8503,28.675045,,,
12:12:27.331,TOWER-3BB8,34.2,0.045,71956.0,0,6.42,NORMAL,81,36.8512,28.6765,,,
12:12:27.726,TOWER-D018,86.2,-0.403,97803.0,3.2,31.92,NORMAL,78,36.8503,28.675045,,,
12:12:29.374,TOWER-3BB8,33.8,0.022,71467.0,0,5.72,NORMAL,80,36.8512,28.6765,,,
12:12:29.766,TOWER-D018,77.4,-0.462,95907.0,5.08,33.05,NORMAL,76,36.8503,28.675045,,,
12:12:31.815,TOWER-3BB8,33.8,0.011,71527.0,0,5.5,NORMAL,83,36.8512,28.6765,,,
12:12:31.830,TOWER-D018,84.8,-0.357,95743.0,5.24,33.14,NORMAL,78,36.8503,28.675045,,,
12:12:33.261,TOWER-3BB8,34.4,0.022,71164.0,0,6.08,NORMAL,83,36.8512,28.6765,,,
12:12:33.886,TOWER-D018,83.6,-0.35,96568.0,4.43,32.66,NORMAL,78,36.8503,28.675045,,,
12:12:35.333,TOWER-3BB8,34.2,0.033,71044.0,0,6.18,NORMAL,82,36.8512,28.6765,,,
12:12:36.421,TOWER-D018,83.2,-0.285,94399.0,6.57,33.94,NORMAL,78,36.8503,28.675045,,,
12:12:37.270,TOWER-3BB8,34.6,0.046,72766.0,0,6.68,NORMAL,83,36.8512,28.6765,,,
12:12:38.087,TOWER-D018,83.2,-0.276,95175.0,5.8,33.48,NORMAL,78,36.8503,28.675045,,,
12:12:39.496,TOWER-3BB8,34.4,0.044,72640.0,0,6.52,NORMAL,83,36.8512,28.6765,,,
12:12:40.313,TOWER-D018,82.2,0.606,96512.0,4.48,44.81,NORMAL,78,36.8503,28.675045,,,
12:12:41.748,TOWER-3BB8,34.0,0.022,72766.0,0,5.84,NORMAL,83,36.8512,28.6765,,,
12:12:41.780,TOWER-D018,81.8,-0.324,96181.0,4.81,32.89,NORMAL,76,36.8503,28.675045,,,
12:12:43.494,TOWER-3BB8,34.4,0.089,72577.0,0,7.42,NORMAL,83,36.8512,28.6765,,,
12:12:44.218,TOWER-D018,82.6,-0.202,96346.0,4.65,32.79,NORMAL,78,36.8503,28.675045,,,
12:12:45.483,TOWER-3BB8,34.6,0.022,72515.0,0,6.2,NORMAL,83,36.8512,28.6765,,,
12:12:46.089,TOWER-D018,82.0,-0.229,94664.0,6.31,33.79,NORMAL,76,36.8503,28.675045,,,
12:12:47.504,TOWER-3BB8,34.4,0.033,72452.0,0,6.3,NORMAL,83,36.8512,28.6765,,,
12:12:48.070,TOWER-D018,81.8,0.24,96291.0,4.7,37.62,NORMAL,78,36.8503,28.675045,,,
12:12:49.538,TOWER-3BB8,33.6,-0.011,73658.0,0,5.16,NORMAL,83,36.8512,28.6765,,,
12:12:50.039,TOWER-D018,82.0,-0.154,96016.0,4.97,32.98,NORMAL,78,36.8503,28.675045,,,
12:12:51.491,TOWER-3BB8,33.4,-0.055,73082.0,0,5.04,NORMAL,82,36.8512,28.6765,,,
12:12:55.086,TOWER-D018,79.6,-0.189,97069.0,3.93,32.36,NORMAL,78,36.8503,28.675045,,,
12:12:59.146,TOWER-3BB8,32.6,-0.067,62535.0,0,4.56,NORMAL,83,36.8512,28.6765,,,
12:12:59.227,TOWER-D018,78.2,-0.219,84042.0,16.82,40.09,NORMAL,78,36.8503,28.675045,,,
12:13:00.695,TOWER-D018,78.4,-0.212,81358.0,19.48,41.69,NORMAL,78,36.8503,28.675045,,,
12:13:00.895,TOWER-3BB8,33.4,-0.051,64502.0,0,5.04,NORMAL,83,36.8512,28.6765,,,
12:13:02.191,TOWER-D018,77.8,-0.201,89405.0,11.52,36.91,NORMAL,78,36.8503,28.675045,,,
12:13:03.203,TOWER-3BB8,33.4,-0.042,66492.0,0,5.04,NORMAL,82,36.8512,28.6765,,,
12:13:04.191,TOWER-D018,78.6,-0.143,92048.0,8.9,35.34,NORMAL,78,36.8503,28.675045,,,
12:13:05.300,TOWER-3BB8,33.0,-0.042,67998.0,0,4.8,NORMAL,83,36.8512,28.6765,,,
12:13:06.136,TOWER-D018,77.6,-0.228,93794.0,7.17,34.3,NORMAL,76,36.8503,28.675045,,,
12:13:06.764,TOWER-3BB8,33.2,-0.052,69459.0,0,4.92,NORMAL,82,36.8512,28.6765,,,
12:13:08.284,TOWER-D018,77.0,-0.225,94746.0,6.23,33.74,NORMAL,76,36.8503,28.675045,,,
12:13:08.806,TOWER-3BB8,33.4,-0.051,69631.0,0,5.04,NORMAL,83,36.8512,28.6765,,,
12:13:10.434,TOWER-D018,76.4,-0.241,94746.0,6.23,33.74,NORMAL,76,36.8503,28.675045,,,
12:13:10.857,TOWER-3BB8,33.0,-0.06,69516.0,0,4.8,NORMAL,83,36.8512,28.6765,,,
12:13:12.384,TOWER-D018,75.6,-0.286,94532.0,6.44,33.86,NORMAL,76,36.8503,28.675045,,,
12:13:13.150,TOWER-3BB8,33.6,0.0,70038.0,0,5.16,NORMAL,83,36.8512,28.6765,,,
12:13:14.235,TOWER-D018,47.0,-1.702,94346.0,6.63,17.18,NORMAL,76,36.8503,28.675045,,,
12:13:15.066,TOWER-3BB8,33.6,0.008,70154.0,0,5.32,NORMAL,83,36.8512,28.6765,,,
12:13:16.168,TOWER-D018,42.6,-2.101,93794.0,7.17,14.86,NORMAL,78,36.8503,28.675045,,,
12:13:18.228,TOWER-D018,41.6,-2.099,93794.0,7.17,14.26,NORMAL,78,36.8503,28.675045,,,
12:13:20.068,TOWER-3BB8,33.8,0.057,70038.0,0,6.42,NORMAL,83,36.8512,28.6765,,,
12:13:20.131,TOWER-D018,41.0,-2.051,94639.0,6.34,13.4,NORMAL,77,36.8503,28.675045,,,
12:13:21.581,TOWER-3BB8,34.4,0.048,64109.0,0,6.6,NORMAL,83,36.8512,28.6765,,,
12:13:22.316,TOWER-D018,40.6,-2.097,93899.0,7.07,13.6,NORMAL,76,36.8503,28.675045,,,
12:13:23.393,TOWER-3BB8,33.6,0.01,65867.0,0,5.36,NORMAL,82,36.8512,28.6765,,,
12:13:23.973,TOWER-D018,39.0,-2.164,94399.0,6.57,12.34,NORMAL,78,36.8503,28.675045,,,
12:13:25.298,TOWER-3BB8,34.0,0.05,67398.0,0,6.4,NORMAL,83,36.8512,28.6765,,,
12:13:26.219,TOWER-D018,40.4,-2.041,94611.0,6.36,13.06,NORMAL,78,36.8503,28.675045,,,
12:13:27.436,TOWER-3BB8,33.6,0.019,67998.0,0,5.54,NORMAL,83,36.8512,28.6765,,,
12:13:28.054,TOWER-D018,41.6,-1.975,95499.0,5.48,13.25,NORMAL,78,36.8503,28.675045,,,
12:13:29.391,TOWER-3BB8,33.4,0.0,69059.0,0,5.04,NORMAL,82,36.8512,28.6765,,,
12:13:30.097,TOWER-D018,41.4,-1.93,95391.0,5.59,13.19,NORMAL,80,36.8503,28.675045,,,
12:13:32.176,TOWER-D018,41.6,-0.301,94452.0,6.52,13.87,NORMAL,77,36.8503,28.675045,,,
12:13:34.199,TOWER-D018,42.4,-0.011,94187.0,6.78,14.51,NORMAL,78,36.8503,28.675045,,,
12:13:36.533,TOWER-D018,41.8,0.011,96126.0,4.86,13.22,NORMAL,77,36.8503,28.675045,,,
12:13:37.089,TOWER-3BB8,33.4,0.015,60860.0,0,5.34,NORMAL,82,36.8512,28.6765,,,
12:13:38.001,TOWER-D018,42.4,0.078,95743.0,5.24,15.14,NORMAL,78,36.8503,28.675045,,,
12:13:40.105,TOWER-D018,42.0,0.079,96457.0,4.54,14.5,NORMAL,78,36.8503,28.675045,,,
12:13:42.280,TOWER-D018,42.0,0.164,97238.0,3.76,15.74,NORMAL,76,36.8503,28.675045,,,
12:13:44.161,TOWER-D018,42.0,0.089,97520.0,3.48,14.07,NORMAL,76,36.8503,28.675045,,,
12:13:46.200,TOWER-D018,43.6,0.11,97633.0,3.37,15.38,NORMAL,78,36.8503,28.675045,,,
12:13:48.115,TOWER-D018,42.4,0.055,98838.0,2.18,12.85,NORMAL,76,36.8503,28.675045,,,
12:13:50.022,TOWER-D018,42.4,0.045,97860.0,3.15,13.23,NORMAL,78,36.8503,28.675045,,,
12:13:50.081,TOWER-3BB8,34.4,0.022,53947.0,0,6.08,NORMAL,82,36.8512,28.6765,,,
12:13:52.066,TOWER-D018,42.0,-0.022,98032.0,2.98,11.99,NORMAL,78,36.8503,28.675045,,,
12:13:52.106,TOWER-3BB8,34.8,0.032,58898.0,0,6.52,NORMAL,83,36.8512,28.6765,,,
12:13:54.109,TOWER-D018,41.6,-0.011,97407.0,3.6,12.12,NORMAL,76,36.8503,28.675045,,,
12:13:54.262,TOWER-3BB8,33.8,0.0,62257.0,0,5.28,NORMAL,83,36.8512,28.6765,,,
12:13:56.153,TOWER-D018,41.4,-0.055,97069.0,3.93,12.2,NORMAL,78,36.8503,28.675045,,,
12:13:56.205,TOWER-3BB8,34.0,-0.012,64453.0,0,5.4,NORMAL,82,36.8512,28.6765,,,
12:13:57.866,TOWER-3BB8,33.6,0.0,67507.0,0,5.16,NORMAL,83,36.8512,28.6765,,,
12:13:58.202,TOWER-D018,41.2,-0.044,96236.0,4.75,12.57,NORMAL,77,36.8503,28.675045,,,
12:13:59.900,TOWER-3BB8,34.0,0.0,68274.0,0,5.4,NORMAL,83,36.8512,28.6765,,,
12:13:59.993,TOWER-D018,41.4,-0.034,96902.0,4.1,12.3,NORMAL,78,36.8503,28.675045,,,
12:14:02.064,TOWER-D018,41.2,-0.045,94825.0,6.15,13.41,NORMAL,76,36.8503,28.675045,,,
12:14:04.105,TOWER-D018,41.4,-0.123,94532.0,6.44,13.7,NORMAL,77,36.8503,28.675045,,,
12:14:05.023,TOWER-3BB8,33.8,0.005,69230.0,0,5.38,NORMAL,83,36.8512,28.6765,,,
12:14:06.159,TOWER-D018,41.6,-0.044,93690.0,7.27,14.32,NORMAL,78,36.8503,28.675045,,,
12:14:06.248,TOWER-3BB8,33.6,0.005,64011.0,0,5.26,NORMAL,81,36.8512,28.6765,,,
12:14:08.165,TOWER-D018,41.2,-0.066,93067.0,7.89,14.45,NORMAL,77,36.8503,28.675045,,,
12:14:08.191,TOWER-3BB8,33.2,-0.006,65970.0,0,4.92,NORMAL,83,36.8512,28.6765,,,
12:14:10.114,TOWER-3BB8,33.6,-0.04,67724.0,0,5.16,NORMAL,83,36.8512,28.6765,,,
12:14:10.141,TOWER-D018,41.4,-0.033,94109.0,6.86,13.96,NORMAL,78,36.8503,28.675045,,,
12:14:12.001,TOWER-D018,41.4,-0.011,92555.0,8.4,14.88,NORMAL,78,36.8503,28.675045,,,
12:14:12.189,TOWER-3BB8,33.8,-0.05,69631.0,0,5.28,NORMAL,83,36.8512,28.6765,,,
12:14:13.945,TOWER-3BB8,33.8,0.0,70389.0,0,5.28,NORMAL,83,36.8512,28.6765,,,
12:14:14.049,TOWER-D018,41.4,0.0,91447.0,9.49,15.53,NORMAL,78,36.8503,28.675045,,,
12:14:15.997,TOWER-3BB8,33.4,-0.03,70331.0,0,5.04,NORMAL,83,36.8512,28.6765,,,
12:14:16.101,TOWER-D018,41.8,0.034,91150.0,9.79,16.63,NORMAL,76,36.8503,28.675045,,,
12:14:18.146,TOWER-3BB8,33.6,0.0,70213.0,0,5.16,NORMAL,82,36.8512,28.6765,,,
12:14:18.166,TOWER-D018,41.2,-0.011,90953.0,9.98,15.71,NORMAL,76,36.8503,28.675045,,,
12:14:20.343,TOWER-3BB8,33.8,-0.01,70272.0,0,5.28,NORMAL,83,36.8512,28.6765,,,
12:14:23.333,TOWER-D018,42.0,0.038,89595.0,11.33,17.76,NORMAL,78,36.8503,28.675045,,,
12:14:24.048,TOWER-D018,41.6,0.01,78692.0,22.12,23.43,NORMAL,78,36.8503,28.675045,,,
12:14:26.246,TOWER-D018,42.0,0.02,82475.0,18.37,21.62,NORMAL,78,36.8503,28.675045,,,
12:14:27.850,TOWER-3BB8,33.4,-0.018,61890.0,0,5.04,NORMAL,83,36.8512,28.6765,,,
12:14:28.281,TOWER-D018,42.0,0.04,84126.0,16.74,21.04,NORMAL,77,36.8503,28.675045,,,
12:14:29.549,TOWER-3BB8,34.0,0.017,70331.0,0,5.74,NORMAL,82,36.8512,28.6765,,,
12:14:29.925,TOWER-3BB8,33.6,0.018,64801.0,0,5.52,NORMAL,83,36.8512,28.6765,,,
12:14:30.395,TOWER-D018,41.0,-0.02,83791.0,17.07,19.84,NORMAL,78,36.8503,28.675045,,,
12:14:31.958,TOWER-3BB8,33.4,-0.009,67076.0,0,5.04,NORMAL,83,36.8512,28.6765,,,
12:14:32.228,TOWER-D018,42.0,0.03,84210.0,16.66,20.8,NORMAL,76,36.8503,28.675045,,,
12:14:34.073,TOWER-D018,42.4,0.05,86999.0,13.9,19.78,NORMAL,78,36.8503,28.675045,,,
12:14:34.094,TOWER-3BB8,33.0,-0.037,68553.0,0,4.8,NORMAL,82,36.8512,28.6765,,,
12:14:36.093,TOWER-3BB8,33.4,-0.018,69344.0,0,5.04,NORMAL,83,36.8512,28.6765,,,
12:14:36.112,TOWER-D018,42.2,0.02,86999.0,13.9,19.06,NORMAL,78,36.8503,28.675045,,,
12:14:37.924,TOWER-3BB8,33.0,-0.018,69921.0,0,4.8,NORMAL,81,36.8512,28.6765,,,
12:14:38.297,TOWER-D018,43.0,0.089,87543.0,13.36,20.6,NORMAL,80,36.8503,28.675045,,,
12:14:39.739,TOWER-3BB8,33.6,0.0,70096.0,0,5.16,NORMAL,83,36.8512,28.6765,,,
12:14:40.186,TOWER-D018,42.2,0.012,88186.0,12.72,18.19,NORMAL,77,36.8503,28.675045,,,
12:14:41.802,TOWER-3BB8,33.6,-0.009,70508.0,0,5.16,NORMAL,83,36.8512,28.6765,,,
12:14:43.235,TOWER-D018,42.2,0.031,89215.0,11.7,17.96,NORMAL,76,36.8503,28.675045,,,
12:14:43.949,TOWER-3BB8,33.4,0.0,70924.0,0,5.04,NORMAL,83,36.8512,28.6765,,,
12:14:44.363,TOWER-D018,42.0,0.0,89787.0,11.14,16.88,NORMAL,78,36.8503,28.675045,,,
12:14:46.080,TOWER-D018,42.0,0.0,90756.0,10.18,16.31,NORMAL,76,36.8503,28.675045,,,
12:14:48.732,TOWER-D018,42.2,0.065,89215.0,11.7,18.64,NORMAL,76,36.8503,28.675045,,,
12:14:50.306,TOWER-D018,42.0,0.0,89215.0,11.7,17.22,NORMAL,76,36.8503,28.675045,,,
12:14:52.150,TOWER-D018,41.8,-0.033,89310.0,11.61,17.05,NORMAL,76,36.8503,28.675045,,,
12:14:52.207,TOWER-3BB8,33.8,-0.009,60553.0,0,5.28,NORMAL,83,36.8512,28.6765,,,
12:14:53.128,TOWER-3BB8,33.4,-0.009,71104.0,0,5.04,NORMAL,81,36.8512,28.6765,,,
12:14:53.565,TOWER-3BB8,33.8,0.019,63575.0,0,5.66,NORMAL,83,36.8512,28.6765,,,
12:14:54.396,TOWER-D018,41.8,-0.022,89979.0,10.95,16.65,NORMAL,76,36.8503,28.675045,,,
12:14:55.812,TOWER-3BB8,33.8,0.037,65406.0,0,6.02,NORMAL,83,36.8512,28.6765,,,
12:14:56.014,TOWER-D018,41.6,-0.079,91447.0,9.49,15.65,NORMAL,77,36.8503,28.675045,,,
12:14:57.619,TOWER-3BB8,33.8,0.019,67183.0,0,5.66,NORMAL,82,36.8512,28.6765,,,
12:14:58.032,TOWER-D018,41.6,-0.034,90172.0,10.76,16.42,NORMAL,78,36.8503,28.675045,,,
12:14:59.809,TOWER-3BB8,34.4,0.064,67888.0,0,6.92,NORMAL,81,36.8512,28.6765,,,
12:15:00.128,TOWER-D018,42.2,0.0,89883.0,11.04,16.94,NORMAL,78,36.8503,28.675045,,,
12:15:01.648,TOWER-3BB8,33.4,-0.009,69574.0,0,5.04,NORMAL,81,36.8512,28.6765,,,
12:15:02.170,TOWER-D018,42.0,0.0,91847.0,9.1,15.66,NORMAL,78,36.8503,28.675045,,,
12:15:04.257,TOWER-D018,41.4,-0.033,93067.0,7.89,14.57,NORMAL,76,36.8503,28.675045,,,
12:15:06.387,TOWER-D018,41.0,-0.068,93067.0,7.89,14.33,NORMAL,78,36.8503,28.675045,,,
12:15:07.406,TOWER-3BB8,32.6,-0.039,69574.0,0,4.56,NORMAL,83,36.8512,28.6765,,,
12:15:08.203,TOWER-D018,42.0,0.0,95067.0,5.91,13.75,NORMAL,78,36.8503,28.675045,,,
12:15:08.408,TOWER-3BB8,34.0,0.025,62303.0,0,5.9,NORMAL,83,36.8512,28.6765,,,
12:15:10.246,TOWER-D018,42.0,0.011,94320.0,6.65,14.41,NORMAL,78,36.8503,28.675045,,,
12:15:12.421,TOWER-D018,42.0,0.011,94611.0,6.36,14.24,NORMAL,76,36.8503,28.675045,,,
12:15:13.822,TOWER-3BB8,33.4,-0.019,64552.0,0,5.04,NORMAL,81,36.8512,28.6765,,,
12:15:14.188,TOWER-D018,42.0,0.022,94664.0,6.31,14.43,NORMAL,76,36.8503,28.675045,,,
12:15:15.189,TOWER-3BB8,33.4,0.0,60509.0,0,5.04,NORMAL,81,36.8512,28.6765,,,
12:15:16.416,TOWER-D018,41.8,0.011,94664.0,6.31,14.09,NORMAL,76,36.8503,28.675045,,,
12:15:18.146,TOWER-D018,41.0,-0.067,96291.0,4.7,12.42,NORMAL,78,36.8503,28.675045,,,
12:15:20.198,TOWER-D018,41.4,-0.033,95907.0,5.08,12.89,NORMAL,78,36.8503,28.675045,,,
12:15:22.634,TOWER-D018,42.0,0.033,95797.0,5.19,13.97,NORMAL,76,36.8503,28.675045,,,
12:15:24.296,TOWER-D018,41.8,0.045,95688.0,5.3,14.16,NORMAL,76,36.8503,28.675045,,,
12:15:24.372,TOWER-3BB8,33.4,-0.013,64851.0,0,5.04,NORMAL,83,36.8512,28.6765,,,
12:15:25.796,TOWER-3BB8,33.2,-0.02,57805.0,0,4.92,NORMAL,82,36.8512,28.6765,,,
12:15:26.561,TOWER-D018,42.0,0.0,94718.0,6.26,13.96,NORMAL,78,36.8503,28.675045,,,
12:15:28.385,TOWER-D018,42.0,0.0,94452.0,6.52,14.11,NORMAL,78,36.8503,28.675045,,,
12:15:30.030,TOWER-D018,42.0,0.0,96236.0,4.75,13.05,NORMAL,78,36.8503,28.675045,,,
12:15:32.080,TOWER-D018,42.0,0.0,95634.0,5.35,13.41,NORMAL,78,36.8503,28.675045,,,
12:15:33.312,TOWER-3BB8,34.2,0.011,53947.0,0,5.74,NORMAL,81,36.8512,28.6765,,,
12:15:34.120,TOWER-D018,42.2,0.023,96016.0,4.97,13.76,NORMAL,78,36.8503,28.675045,,,
12:15:35.722,TOWER-3BB8,34.0,-0.011,58939.0,0,5.4,NORMAL,83,36.8512,28.6765,,,
12:15:36.751,TOWER-D018,42.0,0.054,95634.0,5.35,14.49,NORMAL,78,36.8503,28.675045,,,
12:15:37.004,TOWER-3BB8,33.8,0.011,62535.0,0,5.5,NORMAL,82,36.8512,28.6765,,,
12:15:38.902,TOWER-D018,43.0,0.086,96291.0,4.7,15.34,NORMAL,76,36.8503,28.675045,,,
12:15:39.060,TOWER-3BB8,34.6,0.063,65457.0,0,7.02,NORMAL,83,36.8512,28.6765,,,
12:15:40.152,TOWER-D018,42.0,0.0,97069.0,3.93,12.56,NORMAL,76,36.8503,28.675045,,,
12:15:41.127,TOWER-3BB8,33.6,-0.012,67561.0,0,5.16,NORMAL,83,36.8512,28.6765,,,
12:15:43.260,TOWER-3BB8,33.6,0.007,68721.0,0,5.3,NORMAL,82,36.8512,28.6765,,,
12:15:43.306,TOWER-D018,42.2,0.021,96568.0,4.43,13.4,NORMAL,78,36.8503,28.675045,,,
12:15:44.343,TOWER-D018,42.0,0.0,94878.0,6.1,13.86,NORMAL,76,36.8503,28.675045,,,
12:15:45.289,TOWER-3BB8,34.2,0.027,70038.0,0,6.06,NORMAL,83,36.8512,28.6765,,,
12:15:46.432,TOWER-D018,42.2,0.011,94771.0,6.2,14.26,NORMAL,76,36.8503,28.675045,,,
12:15:46.991,TOWER-3BB8,33.6,0.009,71833.0,0,5.34,NORMAL,83,36.8512,28.6765,,,
12:15:48.572,TOWER-D018,42.4,0.022,95688.0,5.3,14.06,NORMAL,76,36.8503,28.675045,,,
12:15:49.089,TOWER-3BB8,33.6,0.017,72390.0,0,5.5,NORMAL,83,36.8512,28.6765,,,
12:15:51.090,TOWER-D018,42.0,0.0,95852.0,5.13,13.28,NORMAL,78,36.8503,28.675045,,,
12:15:51.227,TOWER-3BB8,33.0,-0.067,72829.0,0,4.8,NORMAL,83,36.8512,28.6765,,,
12:15:52.662,TOWER-D018,42.2,0.0,96181.0,4.81,13.21,NORMAL,76,36.8503,28.675045,,,
12:15:53.088,TOWER-3BB8,34.0,0.0,73465.0,0,5.4,NORMAL,81,36.8512,28.6765,,,
12:15:54.317,TOWER-D018,42.0,0.0,97803.0,3.2,12.12,NORMAL,76,36.8503,28.675045,,,
12:15:55.325,TOWER-3BB8,34.0,0.011,73788.0,0,5.62,NORMAL,81,36.8512,28.6765,,,
12:15:56.526,TOWER-D018,42.2,-0.045,96401.0,4.59,13.07,NORMAL,76,36.8503,28.675045,,,
12:15:56.953,TOWER-3BB8,34.4,-0.011,75173.0,0,5.64,NORMAL,82,36.8512,28.6765,,,
12:15:58.576,TOWER-D018,42.0,0.0,96126.0,4.86,13.12,NORMAL,76,36.8503,28.675045,,,
12:15:59.091,TOWER-3BB8,33.4,-0.011,74639.0,0,5.04,NORMAL,83,36.8512,28.6765,,,
12:16:00.445,TOWER-D018,41.8,-0.023,95634.0,5.35,13.29,NORMAL,76,36.8503,28.675045,,,
12:16:01.141,TOWER-3BB8,33.6,0.0,75106.0,0,5.16,NORMAL,82,36.8512,28.6765,,,
12:16:02.474,TOWER-D018,42.6,0.033,96457.0,4.54,13.94,NORMAL,78,36.8503,28.675045,,,
12:16:03.381,TOWER-3BB8,32.8,-0.077,75241.0,0,4.68,NORMAL,82,36.8512,28.6765,,,
12:16:04.432,TOWER-D018,42.0,-0.011,98032.0,2.98,11.99,NORMAL,78,36.8503,28.675045,,,
12:16:05.254,TOWER-3BB8,33.4,-0.011,75173.0,0,5.04,NORMAL,82,36.8512,28.6765,,,
12:16:06.500,TOWER-D018,42.0,-0.022,97463.0,3.54,12.32,NORMAL,78,36.8503,28.675045,,,
12:16:07.398,TOWER-3BB8,33.2,-0.022,75308.0,0,4.92,NORMAL,82,36.8512,28.6765,,,
12:16:08.515,TOWER-D018,42.2,0.011,98032.0,2.98,12.33,NORMAL,76,36.8503,28.675045,,,
12:16:08.945,TOWER-3BB8,33.4,0.023,76752.0,0,5.5,NORMAL,82,36.8512,28.6765,,,
12:16:10.557,TOWER-D018,41.4,-0.045,97520.0,3.48,11.93,NORMAL,77,36.8503,28.675045,,,
12:16:11.021,TOWER-3BB8,33.4,-0.033,76473.0,0,5.04,NORMAL,82,36.8512,28.6765,,,
12:16:12.664,TOWER-D018,41.0,-0.055,97013.0,3.99,11.99,NORMAL,76,36.8503,28.675045,,,
12:16:13.161,TOWER-3BB8,33.4,-0.034,76265.0,0,5.04,NORMAL,81,36.8512,28.6765,,,
12:16:14.730,TOWER-D018,41.4,-0.044,96126.0,4.86,12.76,NORMAL,78,36.8503,28.675045,,,
12:16:15.155,TOWER-3BB8,33.6,-0.044,76682.0,0,5.16,NORMAL,81,36.8512,28.6765,,,
12:16:16.997,TOWER-D018,41.0,-0.054,96126.0,4.86,12.52,NORMAL,78,36.8503,28.675045,,,
12:16:17.102,TOWER-3BB8,34.4,0.056,76473.0,0,6.76,NORMAL,83,36.8512,28.6765,,,
12:16:18.563,TOWER-D018,41.4,-0.022,94505.0,6.47,13.72,NORMAL,78,36.8503,28.675045,,,
12:16:19.271,TOWER-3BB8,34.4,0.044,76265.0,0,6.52,NORMAL,81,36.8512,28.6765,,,
12:16:20.513,TOWER-D018,41.0,-0.089,94852.0,6.12,13.27,NORMAL,76,36.8503,28.675045,,,
12:16:21.132,TOWER-3BB8,33.8,0.056,77674.0,0,6.4,NORMAL,80,36.8512,28.6765,,,
12:16:22.494,TOWER-D018,41.0,-0.055,93377.0,7.58,14.15,NORMAL,76,36.8503,28.675045,,,
12:16:23.009,TOWER-3BB8,33.8,0.023,76893.0,0,5.74,NORMAL,83,36.8512,28.6765,,,
12:16:24.889,TOWER-D018,40.4,-0.087,92657.0,8.3,14.22,NORMAL,76,36.8503,28.675045,,,
12:16:25.057,TOWER-3BB8,33.8,0.034,76196.0,0,5.96,NORMAL,83,36.8512,28.6765,,,
12:16:26.548,TOWER-D018,57.4,0.843,92555.0,8.4,41.34,NORMAL,78,36.8503,28.675045,,,
12:16:27.648,TOWER-3BB8,34.4,0.053,75852.0,0,6.7,NORMAL,81,36.8512,28.6765,,,
12:16:28.481,TOWER-D018,71.6,1.685,93585.0,7.38,66.09,UYARI,76,36.8503,28.675045,,,
12:16:28.486,SISTEM,,,,,,,,,,,,"📍 🚨 SWARM TETİKLENDİ: TOWER-D018, 1 kuleyi uyarıyor"
12:16:29.140,SISTEM,,,,,,,,,,,,📍 ⚠️ SWARM HATA: TOWER-3BB8 kulesine ulaşılamadı!
12:16:29.160,TOWER-3BB8,32.4,-0.055,75173.0,0,4.44,NORMAL,83,36.8512,28.6765,,,
12:16:30.359,TOWER-D018,85.2,2.498,91747.0,9.2,75.52,UYARI,76,36.8503,28.675045,,,
12:16:31.150,TOWER-3BB8,35.6,0.122,75241.0,0,8.8,NORMAL,83,36.8512,28.6765,,,
12:16:32.969,TOWER-D018,128.2,4.759,91249.0,9.69,100.0,KRİTİK,78,36.8503,28.675045,,,
12:16:33.102,TOWER-3BB8,45.6,0.669,75852.0,0,25.74,NORMAL,82,36.8512,28.6765,,,
12:16:34.753,TOWER-D018,178.6,7.75,90756.0,10.18,100.0,KRİTİK,76,36.8503,28.675045,,,
12:16:35.259,TOWER-3BB8,65.6,1.719,75989.0,0,58.74,UYARI,81,36.8512,28.6765,,,
12:16:35.265,SISTEM,,,,,,,,,,,,"📍 🚨 SWARM TETİKLENDİ: TOWER-3BB8, 1 kuleyi uyarıyor"
12:16:35.921,SISTEM,,,,,,,,,,,,📍 ⚠️ SWARM HATA: TOWER-D018 kulesine ulaşılamadı!
12:16:36.471,TOWER-D018,185.8,8.063,90366.0,10.56,100.0,KRİTİK,77,36.8503,28.675045,,,
12:16:37.186,TOWER-3BB8,70.8,2.032,75647.0,0,67.48,UYARI,82,36.8512,28.6765,,,
12:16:38.426,TOWER-D018,206.2,9.224,91051.0,9.89,100.0,KRİTİK,78,36.8503,28.675045,,,
12:16:39.051,TOWER-3BB8,80.8,2.623,75173.0,0,70.0,UYARI,83,36.8512,28.6765,,,
12:16:40.659,TOWER-D018,229.6,10.383,89310.0,11.61,100.0,KRİTİK,76,36.8503,28.675045,,,
12:16:41.092,TOWER-3BB8,41.0,0.398,75241.0,0,17.56,NORMAL,81,36.8512,28.6765,,,
12:16:42.534,TOWER-D018,224.6,10.439,88278.0,12.63,100.0,KRİTİK,78,36.8503,28.675045,,,
12:16:43.335,TOWER-3BB8,123.8,4.925,74441.0,0,100.0,KRİTİK,82,36.8512,28.6765,,,
12:16:44.850,TOWER-D018,241.8,10.075,84549.0,16.32,100.0,KRİTİK,76,36.8503,28.675045,,,
12:16:44.948,TOWER-3BB8,125.8,5.281,75511.0,0,100.0,KRİTİK,83,36.8512,28.6765,,,
12:16:46.617,TOWER-D018,179.4,5.943,81436.0,19.4,100.0,KRİTİK,78,36.8503,28.675045,,,
12:16:46.997,TOWER-3BB8,148.0,6.482,75039.0,0,100.0,KRİTİK,82,36.8512,28.6765,,,
12:16:48.496,TOWER-D018,255.0,9.362,71956.0,28.78,100.0,KRİTİK,77,36.8503,28.675045,,,
12:16:49.973,TOWER-3BB8,50.6,0.797,75511.0,0,31.3,NORMAL,81,36.8512,28.6765,,,
12:16:50.305,TOWER-D018,255.0,7.315,67779.0,32.92,100.0,KRİTİK,76,36.8503,28.675045,,,
12:16:51.237,TOWER-3BB8,84.2,2.129,75783.0,0,70.0,UYARI,81,36.8512,28.6765,,,
12:16:52.361,TOWER-D018,251.8,4.157,66756.0,33.93,100.0,KRİTİK,77,36.8503,28.675045,,,
12:16:53.261,TOWER-3BB8,80.2,0.811,76612.0,0,46.22,NORMAL,83,36.8512,28.6765,,,
12:16:54.396,TOWER-D018,234.2,2.7,67779.0,32.92,100.0,KRİTİK,76,36.8503,28.675045,,,
12:16:55.315,TOWER-3BB8,48.8,-1.214,76403.0,0,14.28,NORMAL,83,36.8512,28.6765,,,
12:16:56.450,TOWER-D018,228.0,1.21,71467.0,29.27,100.0,KRİTİK,76,36.8503,28.675045,,,
12:16:56.964,TOWER-3BB8,51.4,-1.641,76963.0,0,15.84,NORMAL,81,36.8512,28.6765,,,
12:16:59.007,TOWER-D018,215.6,-0.763,72079.0,28.66,100.0,KRİTİK,76,36.8503,28.675045,,,
12:16:59.027,TOWER-3BB8,47.4,0.357,76542.0,0,20.58,NORMAL,81,36.8512,28.6765,,,
12:17:00.547,TOWER-D018,201.0,-1.31,72018.0,28.72,100.0,KRİTİK,77,36.8503,28.675045,,,
12:17:01.153,TOWER-3BB8,43.0,-4.533,76127.0,0,10.8,NORMAL,82,36.8512,28.6765,,,
12:17:02.872,TOWER-D018,181.4,-3.352,74375.0,26.39,100.0,KRİTİK,78,36.8503,28.675045,,,
12:17:03.098,TOWER-3BB8,38.6,-4.806,75647.0,0,8.16,NORMAL,83,36.8512,28.6765,,,
12:17:04.523,TOWER-D018,162.0,-0.972,74573.0,26.19,100.0,KRİTİK,80,36.8503,28.675045,,,
12:17:05.152,TOWER-3BB8,46.8,-5.574,75443.0,0,13.08,NORMAL,81,36.8512,28.6765,,,
12:17:06.574,TOWER-D018,150.6,-5.774,76196.0,24.59,100.0,KRİTİK,78,36.8503,28.675045,,,
12:17:07.287,TOWER-3BB8,37.2,-0.774,75920.0,0,7.32,NORMAL,81,36.8512,28.6765,,,
12:17:08.626,TOWER-D018,183.8,-3.885,79062.0,21.75,100.0,KRİTİK,78,36.8503,28.675045,,,
12:17:08.946,TOWER-3BB8,39.0,-2.552,77104.0,0,8.4,NORMAL,81,36.8512,28.6765,,,
12:17:10.856,TOWER-D018,163.2,-4.79,71285.0,29.45,100.0,KRİTİK,78,36.8503,28.675045,,,
12:17:11.005,TOWER-3BB8,34.4,-2.582,76542.0,0,5.64,NORMAL,80,36.8512,28.6765,,,
12:17:12.313,TOWER-D018,132.6,-5.67,73530.0,27.23,100.0,KRİTİK,76,36.8503,28.675045,,,
12:17:13.039,TOWER-3BB8,34.0,-0.835,75783.0,0,5.4,NORMAL,81,36.8512,28.6765,,,
12:17:14.332,TOWER-D018,122.2,-5.916,70804.0,29.92,100.0,KRİTİK,76,36.8503,28.675045,,,
12:17:15.079,TOWER-3BB8,34.0,-0.96,75443.0,0,5.4,NORMAL,82,36.8512,28.6765,,,
12:17:16.509,TOWER-D018,116.2,-5.68,68609.0,32.1,100.0,KRİTİK,76,36.8503,28.675045,,,
12:17:17.133,TOWER-3BB8,33.6,-0.762,75106.0,0,5.16,NORMAL,83,36.8512,28.6765,,,
12:17:18.556,TOWER-D018,114.6,-4.799,61936.0,38.7,100.0,KRİTİK,76,36.8503,28.675045,,,
12:17:19.077,TOWER-3BB8,33.6,-0.524,75647.0,0,5.16,NORMAL,82,36.8512,28.6765,,,
12:17:20.997,TOWER-D018,111.0,-3.884,63768.0,36.89,100.0,KRİTİK,77,36.8503,28.675045,,,
12:17:21.112,TOWER-3BB8,33.8,-0.266,74639.0,0,5.28,NORMAL,81,36.8512,28.6765,,,
12:17:22.678,TOWER-D018,105.4,-3.119,68441.0,32.26,100.0,KRİTİK,78,36.8503,28.675045,,,
12:17:22.989,TOWER-3BB8,33.4,-0.751,74639.0,0,5.04,NORMAL,82,36.8512,28.6765,,,
12:17:24.779,TOWER-D018,96.6,-2.965,73723.0,27.04,100.0,KRİTİK,78,36.8503,28.675045,,,
12:17:25.709,TOWER-3BB8,34.6,-0.141,74972.0,0,5.76,NORMAL,82,36.8512,28.6765,,,
12:17:26.382,TOWER-D018,92.6,-5.138,76265.0,24.52,100.0,KRİTİK,80,36.8503,28.675045,,,
12:17:27.549,TOWER-3BB8,34.6,-0.237,74772.0,0,5.76,NORMAL,81,36.8512,28.6765,,,
12:17:28.384,TOWER-D018,88.8,-4.246,73658.0,27.1,46.26,NORMAL,77,36.8503,28.675045,,,
12:17:29.314,TOWER-3BB8,34.4,0.0,75039.0,0,5.64,NORMAL,82,36.8512,28.6765,,,
12:17:30.432,TOWER-D018,88.6,-2.428,70984.0,29.75,47.85,NORMAL,78,36.8503,28.675045,,,
12:17:31.043,TOWER-3BB8,33.8,-0.011,75920.0,0,5.28,NORMAL,82,36.8512,28.6765,,,
12:17:32.477,TOWER-D018,85.2,-2.039,70924.0,29.81,47.89,NORMAL,76,36.8503,28.675045,,,
12:17:33.014,TOWER-3BB8,34.0,0.0,74905.0,0,5.4,NORMAL,83,36.8512,28.6765,,,
12:17:34.428,TOWER-D018,85.0,-1.741,75241.0,25.53,45.32,NORMAL,76,36.8503,28.675045,,,
12:17:35.001,TOWER-3BB8,33.8,0.011,74375.0,0,5.5,NORMAL,82,36.8512,28.6765,,,
12:17:36.713,TOWER-D018,82.6,-1.762,77746.0,23.05,43.83,NORMAL,76,36.8503,28.675045,,,
12:17:37.041,TOWER-3BB8,33.8,0.011,73788.0,0,5.5,NORMAL,81,36.8512,28.6765,,,
12:17:38.731,TOWER-D018,81.6,-1.658,79737.0,21.08,42.65,NORMAL,76,36.8503,28.675045,,,
12:17:39.080,TOWER-3BB8,33.8,0.0,73401.0,0,5.28,NORMAL,82,36.8512,28.6765,,,
12:17:40.863,TOWER-D018,79.0,-1.452,81200.0,19.64,41.78,NORMAL,76,36.8503,28.675045,,,
12:17:41.287,TOWER-3BB8,33.4,0.0,73401.0,0,5.04,NORMAL,81,36.8512,28.6765,,,
12:17:42.909,TOWER-D018,76.8,-1.092,82233.0,18.61,41.17,NORMAL,76,36.8503,28.675045,,,
12:17:42.930,TOWER-3BB8,33.8,-0.046,74375.0,0,5.28,NORMAL,82,36.8512,28.6765,,,
12:17:44.670,TOWER-D018,75.8,-0.919,82233.0,18.61,41.17,NORMAL,78,36.8503,28.675045,,,
12:17:44.967,TOWER-3BB8,34.2,-0.023,73401.0,0,5.52,NORMAL,81,36.8512,28.6765,,,
12:17:46.306,TOWER-D018,74.0,-0.826,83707.0,17.15,39.69,NORMAL,76,36.8503,28.675045,,,
12:17:47.020,TOWER-3BB8,33.8,-0.034,73209.0,0,5.28,NORMAL,81,36.8512,28.6765,,,
12:17:48.350,TOWER-D018,72.8,-0.882,82233.0,18.61,39.85,NORMAL,78,36.8503,28.675045,,,
12:17:49.071,TOWER-3BB8,34.6,0.044,73658.0,0,6.64,NORMAL,82,36.8512,28.6765,,,
12:17:50.403,TOWER-D018,71.6,-0.759,81044.0,19.79,39.83,NORMAL,76,36.8503,28.675045,,,
12:17:51.116,TOWER-3BB8,34.2,0.011,73594.0,0,5.74,NORMAL,81,36.8512,28.6765,,,
12:17:52.463,TOWER-D018,66.8,-1.009,79586.0,21.23,37.82,NORMAL,78,36.8503,28.675045,,,
12:17:53.138,TOWER-3BB8,34.8,0.055,73401.0,0,6.98,NORMAL,81,36.8512,28.6765,,,
12:17:54.478,TOWER-D018,63.8,-1.058,78840.0,21.97,36.46,NORMAL,78,36.8503,28.675045,,,
12:17:54.924,TOWER-3BB8,34.4,0.034,73788.0,0,6.32,NORMAL,81,36.8512,28.6765,,,
12:17:56.440,TOWER-D018,63.0,-1.05,80424.0,20.4,35.04,NORMAL,80,36.8503,28.675045,,,
12:17:57.153,TOWER-3BB8,34.8,0.055,72892.0,0,6.98,NORMAL,82,36.8512,28.6765,,,
12:17:58.850,TOWER-D018,63.4,-0.87,79737.0,21.08,35.69,NORMAL,76,36.8503,28.675045,,,
12:17:59.424,TOWER-3BB8,33.6,0.011,73465.0,0,5.38,NORMAL,82,36.8512,28.6765,,,
12:18:00.730,TOWER-D018,64.2,-0.708,79211.0,21.6,36.48,NORMAL,78,36.8503,28.675045,,,
12:18:01.573,TOWER-3BB8,32.0,-0.097,74310.0,0,4.2,NORMAL,81,36.8512,28.6765,,,
12:18:02.587,TOWER-D018,64.4,-0.636,79137.0,21.68,36.65,NORMAL,78,36.8503,28.675045,,,
12:18:03.302,TOWER-3BB8,36.4,0.12,74310.0,0,9.24,NORMAL,82,36.8512,28.6765,,,
12:18:04.830,TOWER-D018,64.0,-0.54,79361.0,21.46,36.28,NORMAL,78,36.8503,28.675045,,,
12:18:04.911,TOWER-3BB8,37.4,0.201,76058.0,0,11.46,NORMAL,81,36.8512,28.6765,,,
12:18:07.077,TOWER-D018,59.4,-0.716,79211.0,21.6,33.6,NORMAL,78,36.8503,28.675045,,,
12:18:07.189,TOWER-3BB8,35.4,0.044,76752.0,0,7.12,NORMAL,81,36.8512,28.6765,,,
12:18:08.318,TOWER-D018,59.2,-0.692,81200.0,19.64,32.3,NORMAL,76,36.8503,28.675045,,,
12:18:09.039,TOWER-3BB8,36.2,0.112,76127.0,0,8.96,NORMAL,82,36.8512,28.6765,,,
12:18:10.370,TOWER-D018,58.4,-0.469,80966.0,19.87,31.96,NORMAL,76,36.8503,28.675045,,,
12:18:11.478,TOWER-3BB8,36.2,0.076,76265.0,0,8.24,NORMAL,81,36.8512,28.6765,,,
12:18:12.418,TOWER-D018,58.8,-0.279,81753.0,19.09,31.73,NORMAL,78,36.8503,28.675045,,,
12:18:13.527,TOWER-3BB8,36.4,0.108,76334.0,0,9.0,NORMAL,82,36.8512,28.6765,,,
12:18:14.466,TOWER-D018,57.4,-0.311,81913.0,18.93,30.8,NORMAL,78,36.8503,28.675045,,,
12:18:15.574,TOWER-3BB8,36.4,0.087,75920.0,0,8.58,NORMAL,81,36.8512,28.6765,,,
12:18:16.512,TOWER-D018,56.0,-0.418,83128.0,17.73,29.24,NORMAL,78,36.8503,28.675045,,,
12:18:16.924,TOWER-3BB8,35.0,0.08,76473.0,0,7.6,NORMAL,83,36.8512,28.6765,,,
12:18:18.750,TOWER-D018,56.0,-0.454,84891.0,15.98,28.19,NORMAL,78,36.8503,28.675045,,,
12:18:18.973,TOWER-3BB8,35.6,0.207,75715.0,0,10.5,NORMAL,81,36.8512,28.6765,,,
12:18:20.604,TOWER-D018,56.4,-0.444,84295.0,16.57,28.78,NORMAL,76,36.8503,28.675045,,,
12:18:21.024,TOWER-3BB8,34.6,-0.102,74839.0,0,5.76,NORMAL,82,36.8512,28.6765,,,
12:18:22.553,TOWER-D018,55.4,-0.485,84379.0,16.49,28.13,NORMAL,76,36.8503,28.675045,,,
12:18:23.045,TOWER-3BB8,34.8,-0.143,75106.0,0,5.88,NORMAL,83,36.8512,28.6765,,,
12:18:24.794,TOWER-D018,54.6,-0.271,83046.0,17.81,28.45,NORMAL,76,36.8503,28.675045,,,
12:18:25.122,TOWER-3BB8,35.4,0.0,75039.0,0,6.24,NORMAL,81,36.8512,28.6765,,,
12:18:26.449,TOWER-D018,54.8,-0.243,78914.0,21.9,31.02,NORMAL,76,36.8503,28.675045,,,
12:18:27.160,TOWER-3BB8,34.4,-0.099,74178.0,0,5.64,NORMAL,82,36.8512,28.6765,,,
12:18:28.493,TOWER-D018,54.2,-0.232,78472.0,22.34,30.92,NORMAL,78,36.8503,28.675045,,,
12:18:29.516,TOWER-3BB8,35.0,-0.067,74639.0,0,6.0,NORMAL,81,36.8512,28.6765,,,
12:18:30.430,TOWER-D018,54.0,-0.266,80501.0,20.33,29.6,NORMAL,77,36.8503,28.675045,,,
12:18:30.969,TOWER-3BB8,35.0,-0.08,73594.0,0,6.0,NORMAL,82,36.8512,28.6765,,,
12:18:32.682,TOWER-D018,53.2,-0.231,80655.0,20.18,29.03,NORMAL,76,36.8503,28.675045,,,
12:18:33.018,TOWER-3BB8,35.4,-0.057,73594.0,0,6.24,NORMAL,82,36.8512,28.6765,,,
12:18:34.827,TOWER-D018,52.6,-0.186,81044.0,19.79,28.43,NORMAL,77,36.8503,28.675045,,,
12:18:35.249,TOWER-3BB8,35.0,0.0,73465.0,0,6.0,NORMAL,81,36.8512,28.6765,,,
12:18:36.875,TOWER-D018,53.2,-0.154,81753.0,19.09,28.37,NORMAL,76,36.8503,28.675045,,,
12:18:37.695,TOWER-3BB8,35.6,0.0,73723.0,0,6.36,NORMAL,81,36.8512,28.6765,,,
12:18:38.923,TOWER-D018,53.0,-0.186,83046.0,17.81,27.49,NORMAL,78,36.8503,28.675045,,,
12:18:38.940,TOWER-3BB8,35.6,0.056,74639.0,0,7.48,NORMAL,81,36.8512,28.6765,,,
12:18:40.972,TOWER-D018,52.8,-0.141,84891.0,15.98,26.27,NORMAL,76,36.8503,28.675045,,,
12:18:40.990,TOWER-3BB8,35.6,0.045,74310.0,0,7.26,NORMAL,81,36.8512,28.6765,,,
12:18:42.290,TOWER-D018,57.6,0.171,88186.0,12.72,30.61,NORMAL,76,36.8503,28.675045,,,
12:18:43.034,TOWER-3BB8,36.0,0.033,74706.0,0,7.26,NORMAL,81,36.8512,28.6765,,,
12:18:44.369,TOWER-D018,62.6,0.435,86819.0,14.07,39.7,NORMAL,78,36.8503,28.675045,,,
12:18:45.405,TOWER-3BB8,36.4,0.11,75511.0,0,9.04,NORMAL,81,36.8512,28.6765,,,
12:18:46.419,TOWER-D018,60.8,0.368,87270.0,13.63,37.02,NORMAL,76,36.8503,28.675045,,,
12:18:47.525,TOWER-3BB8,36.0,0.055,75920.0,0,7.7,NORMAL,81,36.8512,28.6765,,,
12:18:48.464,TOWER-D018,60.6,0.366,86462.0,14.43,37.34,NORMAL,78,36.8503,28.675045,,,
12:18:49.572,TOWER-3BB8,35.8,0.043,76403.0,0,7.34,NORMAL,82,36.8512,28.6765,,,
12:18:50.705,TOWER-D018,64.8,0.644,86730.0,14.16,45.26,NORMAL,76,36.8503,28.675045,,,
12:18:50.914,TOWER-3BB8,35.6,0.011,77459.0,0,6.58,NORMAL,81,36.8512,28.6765,,,
12:18:52.843,TOWER-D018,65.4,0.71,86819.0,14.07,46.88,NORMAL,77,36.8503,28.675045,,,
12:18:52.953,TOWER-3BB8,35.0,0.0,76893.0,0,6.0,NORMAL,81,36.8512,28.6765,,,
12:18:54.504,TOWER-D018,65.2,0.681,86020.0,14.87,46.66,NORMAL,78,36.8503,28.675045,,,
12:18:55.515,TOWER-3BB8,35.4,-0.011,76612.0,0,6.24,NORMAL,81,36.8512,28.6765,,,
12:18:56.843,TOWER-D018,64.4,0.636,86373.0,14.52,45.07,NORMAL,76,36.8503,28.675045,,,
12:18:57.060,TOWER-3BB8,35.0,-0.033,76893.0,0,6.0,NORMAL,81,36.8512,28.6765,,,
12:18:58.995,TOWER-D018,57.2,0.244,87909.0,13.0,32.0,NORMAL,78,36.8503,28.675045,,,
12:18:59.085,TOWER-3BB8,35.4,-0.011,77175.0,0,6.24,NORMAL,82,36.8512,28.6765,,,
12:19:00.940,TOWER-D018,68.0,0.558,88186.0,12.72,44.59,NORMAL,78,36.8503,28.675045,,,
12:19:01.158,TOWER-3BB8,35.0,-0.055,76963.0,0,6.0,NORMAL,81,36.8512,28.6765,,,
12:19:02.988,TOWER-D018,62.6,0.0,88557.0,12.35,29.97,NORMAL,76,36.8503,28.675045,,,
12:19:03.507,TOWER-3BB8,35.0,-0.077,77246.0,0,6.0,NORMAL,81,36.8512,28.6765,,,
12:19:04.729,TOWER-D018,59.6,-0.066,91051.0,9.89,26.69,NORMAL,76,36.8503,28.675045,,,
12:19:04.968,TOWER-3BB8,35.4,-0.034,76893.0,0,6.24,NORMAL,81,36.8512,28.6765,,,
12:19:06.676,TOWER-D018,62.4,0.099,90854.0,10.08,30.47,NORMAL,76,36.8503,28.675045,,,
12:19:07.015,TOWER-3BB8,35.0,-0.046,75647.0,0,6.0,NORMAL,82,36.8512,28.6765,,,
12:19:08.820,TOWER-D018,61.4,-0.188,91150.0,9.79,27.71,NORMAL,76,36.8503,28.675045,,,
12:19:09.246,TOWER-3BB8,35.4,-0.011,75852.0,0,6.24,NORMAL,82,36.8512,28.6765,,,
12:19:10.575,TOWER-D018,62.2,-0.181,88557.0,12.35,29.73,NORMAL,78,36.8503,28.675045,,,
12:19:11.609,TOWER-3BB8,35.4,0.021,76127.0,0,6.66,NORMAL,81,36.8512,28.6765,,,
12:19:12.462,TOWER-D018,61.6,-0.2,88838.0,12.08,29.21,NORMAL,76,36.8503,28.675045,,,
12:19:12.933,TOWER-3BB8,35.4,0.0,77104.0,0,6.24,NORMAL,81,36.8512,28.6765,,,
12:19:14.263,TOWER-D018,60.4,-0.23,90366.0,10.56,27.58,NORMAL,76,36.8503,28.675045,,,
12:19:14.977,TOWER-3BB8,36.0,0.056,77602.0,0,7.72,NORMAL,81,36.8512,28.6765,,,
12:19:16.810,TOWER-D018,63.2,0.337,89883.0,11.04,36.28,NORMAL,76,36.8503,28.675045,,,
12:19:17.425,TOWER-3BB8,36.8,0.076,77890.0,0,8.6,NORMAL,82,36.8512,28.6765,,,
12:19:18.364,TOWER-D018,63.8,-0.241,89310.0,11.61,30.25,NORMAL,78,36.8503,28.675045,,,
12:19:19.375,TOWER-3BB8,37.0,0.11,78472.0,0,9.4,NORMAL,81,36.8512,28.6765,,,
12:19:20.407,TOWER-D018,63.8,0.069,89121.0,11.8,31.74,NORMAL,76,36.8503,28.675045,,,
12:19:21.522,TOWER-3BB8,36.0,0.056,78692.0,0,7.72,NORMAL,83,36.8512,28.6765,,,
12:19:22.458,TOWER-D018,64.8,0.293,88186.0,12.72,37.37,NORMAL,76,36.8503,28.675045,,,
12:19:23.566,TOWER-3BB8,35.4,0.0,78840.0,0,6.24,NORMAL,82,36.8512,28.6765,,,
12:19:24.503,TOWER-D018,63.4,0.056,87725.0,13.18,32.07,NORMAL,76,36.8503,28.675045,,,
12:19:24.909,TOWER-3BB8,35.0,0.0,79211.0,0,6.0,NORMAL,81,36.8512,28.6765,,,
12:19:26.743,TOWER-D018,62.6,0.067,90172.0,10.76,30.36,NORMAL,76,36.8503,28.675045,,,
12:19:26.985,TOWER-3BB8,34.8,-0.034,78840.0,0,5.88,NORMAL,81,36.8512,28.6765,,,
12:19:28.693,TOWER-D018,62.6,0.022,89883.0,11.04,29.62,NORMAL,78,36.8503,28.675045,,,
12:19:29.012,TOWER-3BB8,34.8,-0.034,78840.0,0,5.88,NORMAL,81,36.8512,28.6765,,,
12:19:30.743,TOWER-D018,62.2,0.033,90075.0,10.85,29.49,NORMAL,78,36.8503,28.675045,,,
12:19:31.159,TOWER-3BB8,35.0,-0.022,78914.0,0,6.0,NORMAL,81,36.8512,28.6765,,,
12:19:32.397,TOWER-D018,60.0,-0.022,89215.0,11.7,28.02,NORMAL,78,36.8503,28.675045,,,
12:19:33.077,TOWER-3BB8,35.4,-0.033,79286.0,0,6.24,NORMAL,81,36.8512,28.6765,,,
12:19:34.935,TOWER-D018,57.4,-0.32,88001.0,12.9,27.18,NORMAL,76,36.8503,28.675045,,,
12:19:35.158,TOWER-3BB8,35.4,-0.079,79661.0,0,6.24,NORMAL,81,36.8512,28.6765,,,
12:19:36.984,TOWER-D018,57.8,-0.322,87725.0,13.18,27.59,NORMAL,76,36.8503,28.675045,,,
12:19:37.097,TOWER-3BB8,34.8,-0.124,80655.0,0,5.88,NORMAL,83,36.8512,28.6765,,,
12:19:38.725,TOWER-D018,55.4,-0.459,90172.0,10.76,24.7,NORMAL,77,36.8503,28.675045,,,
12:19:38.955,TOWER-3BB8,35.0,-0.057,80117.0,0,6.0,NORMAL,81,36.8512,28.6765,,,
12:19:40.774,TOWER-D018,57.6,-0.393,89979.0,10.95,26.13,NORMAL,76,36.8503,28.675045,,,
12:19:41.000,TOWER-3BB8,34.8,-0.034,79286.0,0,5.88,NORMAL,83,36.8512,28.6765,,,
12:19:42.722,TOWER-D018,57.2,-0.34,89310.0,11.61,26.29,NORMAL,78,36.8503,28.675045,,,
12:19:43.043,TOWER-3BB8,35.4,0.022,79813.0,0,6.68,NORMAL,80,36.8512,28.6765,,,
12:19:44.596,TOWER-D018,58.2,-0.246,89691.0,11.23,26.66,NORMAL,78,36.8503,28.675045,,,
12:19:45.590,TOWER-3BB8,35.6,0.043,79661.0,0,7.22,NORMAL,81,36.8512,28.6765,,,
12:19:47.019,TOWER-D018,58.2,-0.24,89979.0,10.95,26.49,NORMAL,78,36.8503,28.675045,,,
12:19:47.131,TOWER-3BB8,35.0,0.011,78914.0,0,6.22,NORMAL,81,36.8512,28.6765,,,
12:19:48.675,TOWER-D018,58.6,-0.201,85932.0,14.95,29.13,NORMAL,78,36.8503,28.675045,,,
12:19:49.375,TOWER-3BB8,35.4,0.022,79436.0,0,6.68,NORMAL,81,36.8512,28.6765,,,
12:19:50.311,TOWER-D018,59.6,-0.022,85757.0,15.13,29.84,NORMAL,76,36.8503,28.675045,,,
12:19:51.426,TOWER-3BB8,35.4,0.0,78840.0,0,6.24,NORMAL,81,36.8512,28.6765,,,
12:19:52.357,TOWER-D018,58.6,0.069,82394.0,18.45,32.61,NORMAL,76,36.8503,28.675045,,,
12:19:53.470,TOWER-3BB8,34.6,-0.044,78692.0,0,5.76,NORMAL,82,36.8512,28.6765,,,
12:19:54.610,TOWER-D018,56.0,-0.102,81122.0,19.71,30.43,NORMAL,78,36.8503,28.675045,,,
12:19:55.219,TOWER-3BB8,34.8,0.0,78035.0,0,5.88,NORMAL,81,36.8512,28.6765,,,
12:19:56.458,TOWER-D018,57.8,0.135,82475.0,18.37,33.4,NORMAL,76,36.8503,28.675045,,,
12:19:57.568,TOWER-3BB8,35.0,0.0,78472.0,0,6.0,NORMAL,81,36.8512,28.6765,,,
12:19:58.504,TOWER-D018,60.6,0.169,82637.0,18.21,35.67,NORMAL,78,36.8503,28.675045,,,
12:19:59.617,TOWER-3BB8,34.4,-0.021,78398.0,0,5.64,NORMAL,82,36.8512,28.6765,,,
12:20:00.741,TOWER-D018,60.8,0.2,84126.0,16.74,35.52,NORMAL,76,36.8503,28.675045,,,
12:20:00.962,TOWER-3BB8,34.6,-0.045,78914.0,0,5.76,NORMAL,81,36.8512,28.6765,,,
12:20:02.828,TOWER-D018,60.0,0.099,83210.0,17.65,33.57,NORMAL,77,36.8503,28.675045,,,
12:20:03.007,TOWER-3BB8,34.8,-0.046,78472.0,0,5.88,NORMAL,81,36.8512,28.6765,,,
12:20:04.840,TOWER-D018,60.0,0.101,82637.0,18.21,33.95,NORMAL,76,36.8503,28.675045,,,
12:20:05.057,TOWER-3BB8,34.8,-0.011,78988.0,0,5.88,NORMAL,81,36.8512,28.6765,,,
12:20:06.444,TOWER-D018,59.0,0.023,82394.0,18.45,31.93,NORMAL,78,36.8503,28.675045,,,
12:20:07.104,TOWER-3BB8,35.4,0.0,77962.0,0,6.24,NORMAL,82,36.8512,28.6765,,,
12:20:08.937,TOWER-D018,56.2,-0.183,82233.0,18.61,29.89,NORMAL,78,36.8503,28.675045,,,
12:20:09.156,TOWER-3BB8,35.0,-0.023,77818.0,0,6.0,NORMAL,81,36.8512,28.6765,,,
12:20:10.982,TOWER-D018,56.6,-0.107,82233.0,18.61,30.13,NORMAL,78,36.8503,28.675045,,,
12:20:11.300,TOWER-3BB8,34.6,0.0,78107.0,0,5.76,NORMAL,81,36.8512,28.6765,,,
12:20:12.723,TOWER-D018,57.0,0.055,84126.0,16.74,30.34,NORMAL,77,36.8503,28.675045,,,
12:20:12.944,TOWER-3BB8,35.4,0.034,79211.0,0,6.92,NORMAL,81,36.8512,28.6765,,,
12:20:14.378,TOWER-D018,57.2,-0.033,82964.0,17.89,30.05,NORMAL,76,36.8503,28.675045,,,
12:20:14.984,TOWER-3BB8,35.4,0.023,79062.0,0,6.7,NORMAL,82,36.8512,28.6765,,,
12:20:16.818,TOWER-D018,56.8,-0.207,81993.0,18.85,30.39,NORMAL,76,36.8503,28.675045,,,
12:20:17.026,TOWER-3BB8,35.0,0.034,78545.0,0,6.68,NORMAL,81,36.8512,28.6765,,,
12:20:18.867,TOWER-D018,57.0,-0.21,81833.0,19.01,30.61,NORMAL,78,36.8503,28.675045,,,
12:20:19.078,TOWER-3BB8,35.0,0.022,78180.0,0,6.44,NORMAL,81,36.8512,28.6765,,,
12:20:21.016,TOWER-D018,56.8,-0.176,81993.0,18.85,30.39,NORMAL,76,36.8503,28.675045,,,
12:20:21.109,TOWER-3BB8,35.4,0.033,78035.0,0,6.9,NORMAL,81,36.8512,28.6765,,,
12:20:22.757,TOWER-D018,56.8,-0.179,83375.0,17.48,29.57,NORMAL,76,36.8503,28.675045,,,
12:20:23.373,TOWER-3BB8,35.0,0.011,78325.0,0,6.22,NORMAL,81,36.8512,28.6765,,,
12:20:24.308,TOWER-D018,56.8,-0.123,82637.0,18.21,30.01,NORMAL,78,36.8503,28.675045,,,
12:20:25.421,TOWER-3BB8,35.0,-0.022,77459.0,0,6.0,NORMAL,83,36.8512,28.6765,,,
12:20:26.361,TOWER-D018,56.8,0.034,81993.0,18.85,31.07,NORMAL,76,36.8503,28.675045,,,
12:20:27.464,TOWER-3BB8,35.0,0.0,77459.0,0,6.0,NORMAL,81,36.8512,28.6765,,,
12:20:28.901,TOWER-D018,57.0,0.022,82153.0,18.69,30.85,NORMAL,76,36.8503,28.675045,,,
12:20:29.030,TOWER-3BB8,35.0,0.023,77175.0,0,6.46,NORMAL,81,36.8512,28.6765,,,
12:20:30.457,TOWER-D018,57.4,0.023,81833.0,19.01,31.31,NORMAL,76,36.8503,28.675045,,,
12:20:31.566,TOWER-3BB8,35.6,0.011,76612.0,0,6.58,NORMAL,81,36.8512,28.6765,,,
12:20:32.500,TOWER-D018,57.0,-0.011,82314.0,18.53,30.32,NORMAL,76,36.8503,28.675045,,,
12:20:33.612,TOWER-3BB8,36.4,0.054,76893.0,0,7.92,NORMAL,81,36.8512,28.6765,,,
12:20:34.741,TOWER-D018,57.0,0.011,84295.0,16.57,29.36,NORMAL,78,36.8503,28.675045,,,
12:20:34.958,TOWER-3BB8,36.4,0.078,77674.0,0,8.4,NORMAL,81,36.8512,28.6765,,,
12:20:36.891,TOWER-D018,56.6,-0.022,82964.0,17.89,29.69,NORMAL,78,36.8503,28.675045,,,
12:20:36.954,TOWER-3BB8,35.8,0.045,76127.0,0,7.38,NORMAL,82,36.8512,28.6765,,,
12:20:38.735,TOWER-D018,56.4,-0.023,82314.0,18.53,29.96,NORMAL,78,36.8503,28.675045,,,
12:20:39.006,TOWER-3BB8,35.6,0.011,76542.0,0,6.58,NORMAL,81,36.8512,28.6765,,,
12:20:40.785,TOWER-D018,56.2,-0.033,82475.0,18.37,29.74,NORMAL,76,36.8503,28.675045,,,
12:20:41.048,TOWER-3BB8,35.4,0.023,76127.0,0,6.7,NORMAL,81,36.8512,28.6765,,,
12:20:42.831,TOWER-D018,56.4,-0.022,81279.0,19.56,30.58,NORMAL,76,36.8503,28.675045,,,
12:20:43.539,TOWER-3BB8,35.4,0.022,75920.0,0,6.68,NORMAL,81,36.8512,28.6765,,,
12:20:44.290,TOWER-D018,56.2,-0.033,82637.0,18.21,29.65,NORMAL,76,36.8503,28.675045,,,
12:20:45.797,TOWER-3BB8,35.8,0.044,76127.0,0,7.36,NORMAL,81,36.8512,28.6765,,,
12:20:46.345,TOWER-D018,56.0,-0.057,81436.0,19.4,30.24,NORMAL,76,36.8503,28.675045,,,
12:20:46.931,TOWER-3BB8,36.0,0.056,77459.0,0,7.72,NORMAL,81,36.8512,28.6765,,,
12:20:48.376,TOWER-D018,56.0,-0.078,81122.0,19.71,30.43,NORMAL,78,36.8503,28.675045,,,
12:20:48.988,TOWER-3BB8,36.4,0.046,77674.0,0,7.76,NORMAL,81,36.8512,28.6765,,,
12:20:50.426,TOWER-D018,55.8,-0.067,80966.0,19.87,30.4,NORMAL,76,36.8503,28.675045,,,
12:20:51.041,TOWER-3BB8,35.6,-0.046,76403.0,0,6.36,NORMAL,81,36.8512,28.6765,,,
12:20:52.465,TOWER-D018,56.0,-0.056,80193.0,20.63,30.98,NORMAL,76,36.8503,28.675045,,,
12:20:53.082,TOWER-3BB8,36.0,-0.022,75920.0,0,6.6,NORMAL,81,36.8512,28.6765,,,
12:20:54.516,TOWER-D018,55.8,-0.045,80117.0,20.71,30.91,NORMAL,76,36.8503,28.675045,,,
12:20:55.134,TOWER-3BB8,36.6,0.044,75852.0,0,7.84,NORMAL,81,36.8512,28.6765,,,
12:20:56.282,TOWER-D018,55.6,-0.046,81200.0,19.64,30.14,NORMAL,76,36.8503,28.675045,,,
12:20:57.571,TOWER-3BB8,36.0,0.022,77246.0,0,7.04,NORMAL,81,36.8512,28.6765,,,
12:20:58.346,TOWER-D018,55.4,-0.046,79889.0,20.93,30.8,NORMAL,76,36.8503,28.675045,,,
12:20:59.320,TOWER-3BB8,36.0,0.033,76542.0,0,7.26,NORMAL,81,36.8512,28.6765,,,
12:21:00.851,TOWER-D018,55.4,-0.055,79586.0,21.23,30.98,NORMAL,76,36.8503,28.675045,,,
12:21:00.987,TOWER-3BB8,36.0,0.034,76265.0,0,7.28,NORMAL,81,36.8512,28.6765,,,
12:21:02.900,TOWER-D018,55.2,-0.054,79137.0,21.68,31.13,NORMAL,76,36.8503,28.675045,,,
12:21:03.033,TOWER-3BB8,36.0,0.012,76196.0,0,6.84,NORMAL,81,36.8512,28.6765,,,
12:21:04.947,TOWER-D018,54.4,-0.086,79661.0,21.16,30.34,NORMAL,76,36.8503,28.675045,,,
12:21:05.482,TOWER-3BB8,35.8,-0.011,75783.0,0,6.48,NORMAL,81,36.8512,28.6765,,,
12:21:06.303,TOWER-D018,54.6,-0.078,82153.0,18.69,28.97,NORMAL,76,36.8503,28.675045,,,
12:21:07.610,TOWER-3BB8,36.0,-0.021,75579.0,0,6.6,NORMAL,81,36.8512,28.6765,,,
12:21:08.308,TOWER-D018,53.6,-0.123,81833.0,19.01,28.57,NORMAL,76,36.8503,28.675045,,,
12:21:09.448,TOWER-3BB8,35.8,0.011,75783.0,0,6.7,NORMAL,81,36.8512,28.6765,,,
12:21:10.389,TOWER-D018,53.6,-0.134,81122.0,19.71,28.99,NORMAL,76,36.8503,28.675045,,,
12:21:11.005,TOWER-3BB8,36.0,0.0,74772.0,0,6.6,NORMAL,81,36.8512,28.6765,,,
12:21:13.039,TOWER-D018,53.6,-0.119,80888.0,19.94,29.12,NORMAL,78,36.8503,28.675045,,,
12:21:13.154,TOWER-3BB8,36.0,-0.033,73594.0,0,6.6,NORMAL,81,36.8512,28.6765,,,
12:21:14.587,TOWER-D018,51.2,-0.24,79889.0,20.93,28.28,NORMAL,76,36.8503,28.675045,,,
12:21:15.495,TOWER-3BB8,35.8,-0.011,73082.0,0,6.48,NORMAL,81,36.8512,28.6765,,,
12:21:16.498,TOWER-D018,49.2,-0.342,78988.0,21.83,27.62,NORMAL,76,36.8503,28.675045,,,
12:21:17.538,TOWER-3BB8,36.0,0.0,73209.0,0,6.6,NORMAL,81,36.8512,28.6765,,,
12:21:18.772,TOWER-D018,45.0,-0.58,80966.0,19.87,23.92,NORMAL,76,36.8503,28.675045,,,
12:21:19.610,TOWER-3BB8,36.6,0.032,73465.0,0,7.6,NORMAL,82,36.8512,28.6765,,,
12:21:20.333,TOWER-D018,45.2,-0.574,81595.0,19.24,23.66,NORMAL,77,36.8503,28.675045,,,
12:21:20.942,TOWER-3BB8,36.4,0.022,74972.0,0,7.28,NORMAL,81,36.8512,28.6765,,,
12:21:22.867,TOWER-D018,45.8,-0.48,82073.0,18.77,23.74,NORMAL,76,36.8503,28.675045,,,
12:21:22.980,TOWER-3BB8,37.0,0.069,74772.0,0,8.58,NORMAL,81,36.8512,28.6765,,,
12:21:24.916,TOWER-D018,45.2,-0.505,82882.0,17.97,22.9,NORMAL,78,36.8503,28.675045,,,
12:21:25.041,TOWER-3BB8,36.6,0.034,74639.0,0,7.64,NORMAL,81,36.8512,28.6765,,,
12:21:26.958,TOWER-D018,46.2,-0.397,83128.0,17.73,23.36,NORMAL,76,36.8503,28.675045,,,
12:21:27.073,TOWER-3BB8,36.8,0.057,75579.0,0,8.22,NORMAL,81,36.8512,28.6765,,,
12:21:28.269,TOWER-D018,47.0,-0.369,85235.0,15.64,22.58,NORMAL,76,36.8503,28.675045,,,
12:21:29.114,TOWER-3BB8,36.6,0.033,74972.0,0,7.62,NORMAL,81,36.8512,28.6765,,,
12:21:30.359,TOWER-D018,48.2,-0.312,85235.0,15.64,23.3,NORMAL,76,36.8503,28.675045,,,
12:21:31.368,TOWER-3BB8,35.8,-0.011,76334.0,0,6.48,NORMAL,81,36.8512,28.6765,,,
12:21:32.510,TOWER-D018,50.0,-0.067,85757.0,15.13,24.08,NORMAL,76,36.8503,28.675045,,,
12:21:32.956,TOWER-3BB8,36.0,0.011,76265.0,0,6.82,NORMAL,81,36.8512,28.6765,,,
12:21:34.447,TOWER-D018,51.8,0.145,85235.0,15.64,28.36,NORMAL,76,36.8503,28.675045,,,
12:21:35.462,TOWER-3BB8,36.0,0.0,75579.0,0,6.6,NORMAL,81,36.8512,28.6765,,,
12:21:36.505,TOWER-D018,53.2,0.462,84891.0,15.98,35.75,NORMAL,76,36.8503,28.675045,,,
12:21:37.533,TOWER-3BB8,36.4,-0.011,75443.0,0,6.84,NORMAL,81,36.8512,28.6765,,,
12:21:38.551,TOWER-D018,54.8,0.527,84891.0,15.98,38.01,NORMAL,76,36.8503,28.675045,,,
12:21:39.562,TOWER-3BB8,35.8,-0.032,74772.0,0,6.48,NORMAL,81,36.8512,28.6765,,,
12:21:40.786,TOWER-D018,57.2,0.636,86999.0,13.9,40.38,NORMAL,76,36.8503,28.675045,,,
12:21:41.512,TOWER-3BB8,36.4,-0.032,74905.0,0,6.84,NORMAL,81,36.8512,28.6765,,,
12:21:42.662,TOWER-D018,59.6,0.811,86285.0,14.6,45.74,NORMAL,76,36.8503,28.675045,,,
12:21:42.954,TOWER-3BB8,37.0,0.022,75783.0,0,7.64,NORMAL,81,36.8512,28.6765,,,
12:21:44.606,TOWER-D018,61.6,0.873,86196.0,14.69,48.23,NORMAL,78,36.8503,28.675045,,,
12:21:45.011,TOWER-3BB8,36.0,-0.045,75647.0,0,6.6,NORMAL,81,36.8512,28.6765,,,
12:21:47.044,TOWER-D018,66.4,1.033,86285.0,14.6,54.26,NORMAL,78,36.8503,28.675045,,,
12:21:47.062,TOWER-3BB8,36.8,0.011,75579.0,0,7.3,NORMAL,81,36.8512,28.6765,,,
12:21:48.981,TOWER-D018,77.0,1.547,87089.0,13.81,69.23,UYARI,76,36.8503,28.675045,,,
12:21:48.986,SISTEM,,,,,,,,,,,,"📍 🚨 SWARM TETİKLENDİ: TOWER-D018, 1 kuleyi uyarıyor"
12:21:49.642,SISTEM,,,,,,,,,,,,📍 ⚠️ SWARM HATA: TOWER-3BB8 kulesine ulaşılamadı!
12:21:49.658,TOWER-3BB8,36.4,0.033,74905.0,0,7.5,NORMAL,81,36.8512,28.6765,,,
12:21:50.278,TOWER-D018,81.4,1.767,89215.0,11.7,72.36,UYARI,76,36.8503,28.675045,,,
12:21:51.644,TOWER-3BB8,36.0,0.0,74972.0,0,6.6,NORMAL,81,36.8512,28.6765,,,
12:21:52.770,TOWER-D018,84.2,1.769,88557.0,12.35,72.79,UYARI,76,36.8503,28.675045,,,
12:21:53.588,TOWER-3BB8,36.4,0.022,75989.0,0,7.28,NORMAL,81,36.8512,28.6765,,,
12:21:54.378,TOWER-D018,90.8,2.104,89405.0,11.52,100.0,KRİTİK,77,36.8503,28.675045,,,
12:21:55.244,TOWER-3BB8,36.4,0.0,77246.0,0,6.84,NORMAL,80,36.8512,28.6765,,,
12:21:56.867,TOWER-D018,96.6,2.282,89121.0,11.8,100.0,KRİTİK,76,36.8503,28.675045,,,
12:21:56.987,TOWER-3BB8,37.4,0.092,77033.0,0,9.28,NORMAL,80,36.8512,28.6765,,,
12:21:59.017,TOWER-D018,96.8,2.173,88557.0,12.35,100.0,KRİTİK,77,36.8503,28.675045,,,
12:21:59.041,TOWER-3BB8,36.4,0.0,76963.0,0,6.84,NORMAL,81,36.8512,28.6765,,,
12:22:00.656,TOWER-D018,94.6,1.945,90269.0,10.66,100.0,KRİTİK,76,36.8503,28.675045,,,
12:22:01.077,TOWER-3BB8,36.4,-0.033,77104.0,0,6.84,NORMAL,81,36.8512,28.6765,,,
12:22:02.708,TOWER-D018,90.0,1.569,90463.0,10.47,100.0,KRİTİK,76,36.8503,28.675045,,,
12:22:03.159,TOWER-3BB8,36.8,0.044,77674.0,0,7.96,NORMAL,81,36.8512,28.6765,,,
12:22:04.358,TOWER-D018,89.8,1.351,89500.0,11.42,63.87,UYARI,76,36.8503,28.675045,,,
12:22:05.360,TOWER-3BB8,36.0,-0.044,78472.0,0,6.6,NORMAL,81,36.8512,28.6765,,,
12:22:06.407,TOWER-D018,89.4,0.712,89215.0,11.7,51.26,NORMAL,78,36.8503,28.675045,,,
12:22:07.424,TOWER-3BB8,36.0,-0.023,78472.0,0,6.6,NORMAL,81,36.8512,28.6765,,,
12:22:08.457,TOWER-D018,88.8,0.407,88186.0,12.72,45.77,NORMAL,76,36.8503,28.675045,,,
12:22:09.456,TOWER-3BB8,36.0,0.0,77890.0,0,6.6,NORMAL,81,36.8512,28.6765,,,
12:22:10.501,TOWER-D018,88.0,0.214,87361.0,13.54,42.4,NORMAL,76,36.8503,28.675045,,,
12:22:11.510,TOWER-3BB8,37.0,0.033,77890.0,0,7.86,NORMAL,81,36.8512,28.6765,,,
12:22:12.282,TOWER-D018,91.2,0.022,89405.0,11.52,100.0,KRİTİK,78,36.8503,28.675045,,,
12:22:13.458,TOWER-3BB8,36.4,0.0,78325.0,0,6.84,NORMAL,81,36.8512,28.6765,,,
12:22:14.788,TOWER-D018,92.4,-0.234,88464.0,12.45,100.0,KRİTİK,76,36.8503,28.675045,,,
12:22:15.604,TOWER-3BB8,36.0,-0.075,77962.0,0,6.6,NORMAL,81,36.8512,28.6765,,,
12:22:16.936,TOWER-D018,87.4,-0.525,87270.0,13.63,38.18,NORMAL,76,36.8503,28.675045,,,
12:22:16.974,TOWER-3BB8,36.0,-0.022,78545.0,0,6.6,NORMAL,81,36.8512,28.6765,,,
12:22:18.588,TOWER-D018,86.0,-0.48,87725.0,13.18,37.91,NORMAL,76,36.8503,28.675045,,,
12:22:19.002,TOWER-3BB8,36.4,0.0,78545.0,0,6.84,NORMAL,80,36.8512,28.6765,,,
12:22:20.639,TOWER-D018,86.8,-0.178,86730.0,14.16,38.5,NORMAL,76,36.8503,28.675045,,,
12:22:21.010,TOWER-3BB8,37.0,0.011,79211.0,0,7.42,NORMAL,80,36.8512,28.6765,,,
12:22:22.274,TOWER-D018,88.6,-0.067,86999.0,13.9,38.34,NORMAL,78,36.8503,28.675045,,,
12:22:23.613,TOWER-3BB8,36.0,0.0,78914.0,0,6.6,NORMAL,81,36.8512,28.6765,,,
12:22:24.329,TOWER-D018,88.6,-0.045,87634.0,13.27,37.96,NORMAL,77,36.8503,28.675045,,,
12:22:25.147,TOWER-3BB8,36.4,0.023,78988.0,0,7.3,NORMAL,81,36.8512,28.6765,,,
12:22:26.371,TOWER-D018,76.4,-0.692,89026.0,11.89,37.13,NORMAL,76,36.8503,28.675045,,,
12:22:27.186,TOWER-3BB8,36.0,0.0,78840.0,0,6.6,NORMAL,81,36.8512,28.6765,,,
12:22:28.423,TOWER-D018,74.6,-0.748,89215.0,11.7,36.78,NORMAL,77,36.8503,28.675045,,,
12:22:28.949,TOWER-3BB8,35.4,-0.092,79737.0,0,6.24,NORMAL,81,36.8512,28.6765,,,
12:22:30.471,TOWER-D018,73.8,-0.957,89595.0,11.33,36.08,NORMAL,76,36.8503,28.675045,,,
12:22:31.379,TOWER-3BB8,35.8,-0.033,78766.0,0,6.48,NORMAL,80,36.8512,28.6765,,,
12:22:32.518,TOWER-D018,73.6,-1.06,88932.0,11.98,36.35,NORMAL,78,36.8503,28.675045,,,
12:22:33.627,TOWER-3BB8,35.4,-0.033,77962.0,0,6.24,NORMAL,81,36.8512,28.6765,,,
12:22:34.754,TOWER-D018,71.2,-0.909,90075.0,10.85,34.23,NORMAL,76,36.8503,28.675045,,,
12:22:35.081,TOWER-3BB8,35.4,-0.033,77388.0,0,6.24,NORMAL,81,36.8512,28.6765,,,
12:22:36.511,TOWER-D018,68.6,-0.971,89215.0,11.7,33.18,NORMAL,76,36.8503,28.675045,,,
12:22:37.124,TOWER-3BB8,36.0,-0.022,76542.0,0,6.6,NORMAL,80,36.8512,28.6765,,,
12:22:38.975,TOWER-D018,68.8,-0.982,89215.0,11.7,33.3,NORMAL,76,36.8503,28.675045,,,
12:22:39.066,TOWER-3BB8,36.0,-0.055,77818.0,0,6.6,NORMAL,81,36.8512,28.6765,,,
12:22:40.897,TOWER-D018,67.6,-1.128,88744.0,12.17,32.86,NORMAL,76,36.8503,28.675045,,,
12:22:40.950,TOWER-3BB8,35.6,-0.023,77674.0,0,6.36,NORMAL,81,36.8512,28.6765,,,
12:22:42.960,TOWER-D018,67.4,-1.138,88186.0,12.72,33.07,NORMAL,76,36.8503,28.675045,,,
12:22:42.991,TOWER-3BB8,36.4,0.0,77459.0,0,6.84,NORMAL,81,36.8512,28.6765,,,
12:22:44.996,TOWER-D018,66.2,-0.548,87634.0,13.27,32.68,NORMAL,76,36.8503,28.675045,,,
12:22:45.036,TOWER-3BB8,36.0,0.0,76893.0,0,6.6,NORMAL,80,36.8512,28.6765,,,
12:22:46.339,TOWER-D018,64.6,-0.558,89215.0,11.7,30.78,NORMAL,78,36.8503,28.675045,,,
12:22:47.259,TOWER-3BB8,35.4,0.0,76612.0,0,6.24,NORMAL,81,36.8512,28.6765,,,
12:22:48.391,TOWER-D018,65.4,-0.469,87634.0,13.27,32.2,NORMAL,76,36.8503,28.675045,,,
12:22:49.308,TOWER-3BB8,36.0,0.011,76963.0,0,6.82,NORMAL,81,36.8512,28.6765,,,
12:22:50.393,TOWER-D018,64.2,-0.526,86999.0,13.9,31.86,NORMAL,78,36.8503,28.675045,,,
12:22:50.947,TOWER-3BB8,36.0,0.035,77459.0,0,7.3,NORMAL,81,36.8512,28.6765,,,
12:22:52.480,TOWER-D018,64.6,-0.372,86819.0,14.07,32.2,NORMAL,76,36.8503,28.675045,,,
12:22:52.997,TOWER-3BB8,36.0,0.033,76822.0,0,7.26,NORMAL,81,36.8512,28.6765,,,
12:22:54.531,TOWER-D018,64.4,-0.233,86640.0,14.25,32.19,NORMAL,76,36.8503,28.675045,,,
12:22:55.008,TOWER-3BB8,36.0,0.0,76334.0,0,6.6,NORMAL,81,36.8512,28.6765,,,
12:22:56.772,TOWER-D018,62.4,-0.36,87817.0,13.09,30.29,NORMAL,76,36.8503,28.675045,,,
12:22:57.054,TOWER-3BB8,35.8,-0.011,76058.0,0,6.48,NORMAL,81,36.8512,28.6765,,,
12:22:58.820,TOWER-D018,61.8,-0.324,86196.0,14.69,30.89,NORMAL,76,36.8503,28.675045,,,
12:22:59.142,TOWER-3BB8,36.4,0.044,76473.0,0,7.72,NORMAL,81,36.8512,28.6765,,,
12:23:00.974,TOWER-D018,62.2,-0.289,86819.0,14.07,30.76,NORMAL,76,36.8503,28.675045,,,
12:23:01.598,TOWER-3BB8,36.2,-0.011,76403.0,0,6.72,NORMAL,81,36.8512,28.6765,,,
12:23:02.917,TOWER-D018,62.8,-0.19,85669.0,15.21,31.81,NORMAL,76,36.8503,28.675045,,,
12:23:02.938,TOWER-3BB8,35.8,-0.011,77531.0,0,6.48,NORMAL,80,36.8512,28.6765,,,
12:23:05.064,TOWER-D018,61.4,-0.171,85757.0,15.13,30.92,NORMAL,76,36.8503,28.675045,,,
12:23:05.182,TOWER-3BB8,35.6,0.011,75443.0,0,6.58,NORMAL,81,36.8512,28.6765,,,
12:23:07.010,TOWER-D018,61.0,-0.236,85495.0,15.38,30.83,NORMAL,76,36.8503,28.675045,,,
12:23:07.031,TOWER-3BB8,35.8,-0.011,73917.0,0,6.48,NORMAL,81,36.8512,28.6765,,,
12:23:08.854,TOWER-D018,60.4,-0.206,86196.0,14.69,30.05,NORMAL,77,36.8503,28.675045,,,
12:23:09.282,TOWER-3BB8,36.4,0.022,73983.0,0,7.28,NORMAL,81,36.8512,28.6765,,,
12:23:10.358,TOWER-D018,60.4,-0.235,85669.0,15.21,30.37,NORMAL,76,36.8503,28.675045,,,
12:23:11.122,TOWER-3BB8,36.4,0.022,73658.0,0,7.28,NORMAL,81,36.8512,28.6765,,,
12:23:12.749,TOWER-D018,59.8,-0.252,86285.0,14.6,29.64,NORMAL,76,36.8503,28.675045,,,
12:23:13.559,TOWER-3BB8,36.4,0.022,74639.0,0,7.28,NORMAL,81,36.8512,28.6765,,,
12:23:14.825,TOWER-D018,60.6,-0.1,85582.0,15.3,30.54,NORMAL,76,36.8503,28.675045,,,
12:23:14.944,TOWER-3BB8,36.8,0.056,74573.0,0,8.2,NORMAL,81,36.8512,28.6765,,,
12:23:16.944,TOWER-D018,58.8,-0.166,85844.0,15.04,29.3,NORMAL,76,36.8503,28.675045,,,
12:23:16.992,TOWER-3BB8,37.4,0.056,75511.0,0,8.56,NORMAL,81,36.8512,28.6765,,,
12:23:18.290,TOWER-D018,58.8,-0.196,86999.0,13.9,28.62,NORMAL,76,36.8503,28.675045,,,
12:23:19.503,TOWER-3BB8,36.4,0.011,76196.0,0,7.06,NORMAL,81,36.8512,28.6765,,,
12:23:20.339,TOWER-D018,57.4,-0.31,86196.0,14.69,28.25,NORMAL,76,36.8503,28.675045,,,
12:23:21.453,TOWER-3BB8,36.6,0.043,76822.0,0,7.82,NORMAL,81,36.8512,28.6765,,,
12:23:22.387,TOWER-D018,57.0,-0.254,86462.0,14.43,27.86,NORMAL,76,36.8503,28.675045,,,
12:23:23.593,TOWER-3BB8,36.0,0.022,77104.0,0,7.04,NORMAL,81,36.8512,28.6765,,,
12:23:24.425,TOWER-D018,56.8,-0.241,86909.0,13.99,27.47,NORMAL,76,36.8503,28.675045,,,
12:23:24.956,TOWER-3BB8,36.6,0.045,78472.0,0,7.86,NORMAL,81,36.8512,28.6765,,,
12:23:26.481,TOWER-D018,56.6,-0.216,88278.0,12.63,26.54,NORMAL,76,36.8503,28.675045,,,
12:23:26.994,TOWER-3BB8,36.6,0.011,78253.0,0,7.18,NORMAL,81,36.8512,28.6765,,,
12:23:28.719,TOWER-D018,57.4,-0.163,89883.0,11.04,26.06,NORMAL,76,36.8503,28.675045,,,
12:23:29.005,TOWER-3BB8,36.0,-0.022,78988.0,0,6.6,NORMAL,81,36.8512,28.6765,,,
12:23:30.579,TOWER-D018,56.4,-0.191,89026.0,11.89,25.97,NORMAL,76,36.8503,28.675045,,,
12:23:31.088,TOWER-3BB8,36.0,-0.023,79436.0,0,6.6,NORMAL,80,36.8512,28.6765,,,
12:23:32.817,TOWER-D018,55.4,-0.289,89405.0,11.52,25.15,NORMAL,76,36.8503,28.675045,,,
12:23:33.138,TOWER-3BB8,35.6,-0.066,78766.0,0,6.36,NORMAL,81,36.8512,28.6765,,,
12:23:34.865,TOWER-D018,55.8,-0.167,90269.0,10.66,24.88,NORMAL,76,36.8503,28.675045,,,
12:23:35.186,TOWER-3BB8,36.4,-0.055,79211.0,0,6.84,NORMAL,81,36.8512,28.6765,,,
12:23:36.442,TOWER-D018,55.8,-0.165,89979.0,10.95,25.05,NORMAL,76,36.8503,28.675045,,,
12:23:37.424,TOWER-3BB8,36.2,-0.011,80347.0,0,6.72,NORMAL,80,36.8512,28.6765,,,
12:23:39.061,TOWER-D018,55.4,-0.107,89979.0,10.95,24.81,NORMAL,76,36.8503,28.675045,,,
12:23:39.176,TOWER-3BB8,36.4,-0.011,80270.0,0,6.84,NORMAL,81,36.8512,28.6765,,,
12:23:40.302,TOWER-D018,55.4,-0.089,92149.0,8.8,23.52,NORMAL,78,36.8503,28.675045,,,
12:23:41.520,TOWER-3BB8,36.4,0.022,80655.0,0,7.28,NORMAL,81,36.8512,28.6765,,,
12:23:42.365,TOWER-D018,55.6,-0.067,92453.0,8.5,23.46,NORMAL,76,36.8503,28.675045,,,
12:23:43.071,TOWER-3BB8,35.8,-0.044,80424.0,0,6.48,NORMAL,81,36.8512,28.6765,,,
12:23:44.402,TOWER-D018,55.2,-0.078,92250.0,8.7,23.34,NORMAL,76,36.8503,28.675045,,,
12:23:45.128,TOWER-3BB8,36.0,-0.033,80578.0,0,6.6,NORMAL,81,36.8512,28.6765,,,
12:23:46.451,TOWER-D018,54.8,-0.147,92352.0,8.6,23.04,NORMAL,76,36.8503,28.675045,,,
12:23:47.766,TOWER-3BB8,35.4,-0.032,80117.0,0,6.24,NORMAL,81,36.8512,28.6765,,,
12:23:48.493,TOWER-D018,55.0,-0.078,91547.0,9.4,23.64,NORMAL,76,36.8503,28.675045,,,
12:23:49.400,TOWER-3BB8,35.8,-0.011,81122.0,0,6.48,NORMAL,81,36.8512,28.6765,,,
12:23:50.543,TOWER-D018,55.0,-0.023,92352.0,8.6,23.16,NORMAL,76,36.8503,28.675045,,,
12:23:51.457,TOWER-3BB8,35.6,0.0,80347.0,0,6.36,NORMAL,81,36.8512,28.6765,,,
12:23:52.780,TOWER-D018,55.4,-0.022,94320.0,6.65,22.23,NORMAL,76,36.8503,28.675045,,,
12:23:53.032,TOWER-3BB8,35.6,-0.045,80041.0,0,6.36,NORMAL,81,36.8512,28.6765,,,
12:23:54.833,TOWER-D018,55.2,-0.033,93899.0,7.07,22.36,NORMAL,78,36.8503,28.675045,,,
12:23:55.266,TOWER-3BB8,35.0,-0.067,79889.0,0,6.0,NORMAL,81,36.8512,28.6765,,,
12:23:56.398,TOWER-D018,54.8,-0.035,93899.0,7.07,22.12,NORMAL,76,36.8503,28.675045,,,
12:23:57.306,TOWER-3BB8,35.6,-0.044,79889.0,0,6.36,NORMAL,81,36.8512,28.6765,,,
12:23:58.862,TOWER-D018,54.6,-0.043,93481.0,7.48,22.25,NORMAL,78,36.8503,28.675045,,,
12:23:58.904,TOWER-3BB8,35.6,-0.046,80270.0,0,6.36,NORMAL,80,36.8512,28.6765,,,
12:24:00.491,TOWER-D018,55.0,-0.033,91847.0,9.1,23.46,NORMAL,76,36.8503,28.675045,,,
12:24:01.003,TOWER-3BB8,35.4,-0.022,79436.0,0,6.24,NORMAL,81,36.8512,28.6765,,,
12:24:02.515,TOWER-D018,54.8,-0.022,93274.0,7.69,22.49,NORMAL,76,36.8503,28.675045,,,
12:24:03.021,TOWER-3BB8,35.6,-0.022,79062.0,0,6.36,NORMAL,81,36.8512,28.6765,,,
12:24:04.470,TOWER-D018,55.0,0.011,93170.0,7.79,22.89,NORMAL,78,36.8503,28.675045,,,
12:24:05.482,TOWER-3BB8,35.8,0.023,78692.0,0,6.94,NORMAL,81,36.8512,28.6765,,,
12:24:06.419,TOWER-D018,54.8,-0.011,93481.0,7.48,22.37,NORMAL,76,36.8503,28.675045,,,
12:24:07.531,TOWER-3BB8,35.6,-0.011,78914.0,0,6.36,NORMAL,81,36.8512,28.6765,,,
12:24:08.668,TOWER-D018,55.0,0.0,93794.0,7.17,22.3,NORMAL,76,36.8503,28.675045,,,
12:24:09.578,TOWER-3BB8,35.8,0.011,79813.0,0,6.7,NORMAL,81,36.8512,28.6765,,,
12:24:10.909,TOWER-D018,54.0,-0.077,94320.0,6.65,21.39,NORMAL,76,36.8503,28.675045,,,
12:24:10.928,TOWER-3BB8,34.8,-0.045,79965.0,0,5.88,NORMAL,81,36.8512,28.6765,,,
12:24:12.970,TOWER-3BB8,35.4,0.023,79889.0,0,6.7,NORMAL,81,36.8512,28.6765,,,
12:24:13.058,TOWER-D018,54.4,-0.044,94639.0,6.34,21.44,NORMAL,76,36.8503,28.675045,,,
12:24:14.309,TOWER-D018,53.4,-0.078,95579.0,5.4,20.28,NORMAL,76,36.8503,28.675045,,,
12:24:15.021,TOWER-3BB8,34.6,-0.056,79286.0,0,5.76,NORMAL,81,36.8512,28.6765,,,
12:24:16.354,TOWER-D018,53.8,-0.046,94082.0,6.89,21.41,NORMAL,76,36.8503,28.675045,,,
12:24:17.071,TOWER-3BB8,35.4,-0.011,78914.0,0,6.24,NORMAL,80,36.8512,28.6765,,,
12:24:18.398,TOWER-D018,53.0,-0.112,95175.0,5.8,20.28,NORMAL,76,36.8503,28.675045,,,
12:24:19.117,TOWER-3BB8,35.0,-0.022,78988.0,0,6.0,NORMAL,81,36.8512,28.6765,,,
12:24:20.469,TOWER-D018,53.2,-0.089,94639.0,6.34,20.72,NORMAL,78,36.8503,28.675045,,,
12:24:21.163,TOWER-3BB8,35.0,-0.033,79813.0,0,6.0,NORMAL,80,36.8512,28.6765,,,
12:24:22.499,TOWER-D018,53.0,-0.111,95175.0,5.8,20.28,NORMAL,76,36.8503,28.675045,,,
12:24:23.403,TOWER-3BB8,34.8,-0.056,80888.0,0,5.88,NORMAL,81,36.8512,28.6765,,,
12:24:24.734,TOWER-D018,55.2,0.022,95363.0,5.62,21.93,NORMAL,76,36.8503,28.675045,,,
12:24:24.979,TOWER-3BB8,35.0,-0.034,80966.0,0,6.0,NORMAL,81,36.8512,28.6765,,,
12:24:26.777,TOWER-D018,55.2,0.011,94771.0,6.2,22.06,NORMAL,77,36.8503,28.675045,,,
12:24:27.010,TOWER-3BB8,36.0,0.011,80347.0,0,6.82,NORMAL,81,36.8512,28.6765,,,
12:24:28.830,TOWER-D018,53.8,-0.011,95175.0,5.8,20.76,NORMAL,76,36.8503,28.675045,,,
12:24:29.648,TOWER-3BB8,36.6,0.096,81279.0,0,8.88,NORMAL,80,36.8512,28.6765,,,
12:24:30.398,TOWER-D018,53.8,-0.035,94932.0,6.05,20.91,NORMAL,76,36.8503,28.675045,,,
12:24:31.593,TOWER-3BB8,35.4,0.0,81279.0,0,6.24,NORMAL,80,36.8512,28.6765,,,
12:24:32.628,TOWER-D018,54.8,0.076,95254.0,5.73,22.84,NORMAL,76,36.8503,28.675045,,,
12:24:33.145,TOWER-3BB8,36.0,0.077,81279.0,0,8.14,NORMAL,80,36.8512,28.6765,,,
12:24:34.974,TOWER-D018,54.2,0.021,95743.0,5.24,21.08,NORMAL,76,36.8503,28.675045,,,
12:24:35.095,TOWER-3BB8,35.6,0.011,82800.0,0,6.58,NORMAL,81,36.8512,28.6765,,,
12:24:36.318,TOWER-D018,53.8,0.045,98722.0,2.29,19.55,NORMAL,76,36.8503,28.675045,,,
12:24:37.431,TOWER-3BB8,35.0,0.0,81993.0,0,6.0,NORMAL,80,36.8512,28.6765,,,
12:24:38.366,TOWER-D018,52.8,-0.022,98146.0,2.86,18.4,NORMAL,76,36.8503,28.675045,,,
12:24:39.021,TOWER-3BB8,35.4,0.022,82073.0,0,6.68,NORMAL,81,36.8512,28.6765,,,
12:24:40.810,TOWER-D018,47.8,-0.284,98433.0,2.58,15.23,NORMAL,76,36.8503,28.675045,,,
12:24:41.231,TOWER-3BB8,34.6,-0.011,81993.0,0,5.76,NORMAL,81,36.8512,28.6765,,,
12:24:43.063,TOWER-D018,47.2,-0.436,97974.0,3.03,15.14,NORMAL,76,36.8503,28.675045,,,
12:24:43.105,TOWER-3BB8,34.6,-0.022,81913.0,0,5.76,NORMAL,82,36.8512,28.6765,,,
12:24:44.906,TOWER-D018,48.8,-0.353,98261.0,2.75,15.93,NORMAL,76,36.8503,28.675045,,,
12:24:45.628,TOWER-3BB8,35.0,-0.054,81993.0,0,6.0,NORMAL,80,36.8512,28.6765,,,
12:24:46.501,TOWER-D018,85.2,1.777,99071.0,1.95,66.71,UYARI,80,36.8503,28.675045,,,
12:24:46.507,SISTEM,,,,,,,,,,,,"📍 🚨 SWARM TETİKLENDİ: TOWER-D018, 1 kuleyi uyarıyor"
12:24:47.169,SISTEM,,,,,,,,,,,,📍 ⚠️ SWARM HATA: TOWER-3BB8 kulesine ulaşılamadı!
12:24:47.187,TOWER-3BB8,35.0,-0.091,82882.0,0,6.0,NORMAL,81,36.8512,28.6765,,,
12:24:48.301,TOWER-D018,112.6,3.284,100433.0,0.6,100.0,KRİTİK,76,36.8503,28.675045,,,
12:24:49.014,TOWER-3BB8,34.8,-0.034,82073.0,0,5.88,NORMAL,80,36.8512,28.6765,,,
12:24:50.340,TOWER-D018,81.4,1.502,100373.0,0.66,60.44,UYARI,76,36.8503,28.675045,,,
12:24:51.660,TOWER-3BB8,34.6,-0.076,81674.0,0,5.76,NORMAL,80,36.8512,28.6765,,,
12:24:52.399,TOWER-D018,74.4,1.159,100313.0,0.72,53.25,NORMAL,76,36.8503,28.675045,,,
12:24:53.505,TOWER-3BB8,34.4,-0.065,82073.0,0,5.64,NORMAL,81,36.8512,28.6765,,,
12:24:54.418,TOWER-D018,66.8,0.718,100014.0,1.02,40.05,NORMAL,76,36.8503,28.675045,,,
12:24:55.664,TOWER-3BB8,35.0,0.0,81753.0,0,6.0,NORMAL,81,36.8512,28.6765,,,
12:24:56.498,TOWER-D018,61.8,0.496,96790.0,4.21,34.53,NORMAL,76,36.8503,28.675045,,,
12:24:57.708,TOWER-3BB8,34.0,-0.075,82475.0,0,5.4,NORMAL,81,36.8512,28.6765,,,
12:24:58.540,TOWER-D018,55.4,0.429,95743.0,5.24,29.96,NORMAL,76,36.8503,28.675045,,,
12:24:58.957,TOWER-3BB8,34.6,0.0,83707.0,0,5.76,NORMAL,80,36.8512,28.6765,,,
12:25:00.779,TOWER-D018,53.8,0.373,96568.0,4.43,27.4,NORMAL,76,36.8503,28.675045,,,
12:25:00.990,TOWER-3BB8,34.6,0.0,83128.0,0,5.76,NORMAL,81,36.8512,28.6765,,,
12:25:02.827,TOWER-D018,50.6,0.1,95852.0,5.13,20.44,NORMAL,76,36.8503,28.675045,,,
12:25:03.061,TOWER-3BB8,35.0,0.0,82556.0,0,6.0,NORMAL,80,36.8512,28.6765,,,
12:25:04.779,TOWER-D018,50.4,-1.904,94825.0,6.15,18.93,NORMAL,78,36.8503,28.675045,,,
12:25:05.098,TOWER-3BB8,34.8,-0.011,82882.0,0,5.88,NORMAL,81,36.8512,28.6765,,,
12:25:06.721,TOWER-D018,49.8,-3.409,94505.0,6.47,18.76,NORMAL,78,36.8503,28.675045,,,
12:25:07.145,TOWER-3BB8,35.4,0.033,83292.0,0,6.9,NORMAL,81,36.8512,28.6765,,,
12:25:08.971,TOWER-D018,48.6,-1.761,95499.0,5.48,17.45,NORMAL,76,36.8503,28.675045,,,
12:25:09.088,TOWER-3BB8,34.6,0.0,83707.0,0,5.76,NORMAL,80,36.8512,28.6765,,,
12:25:10.315,TOWER-D018,49.0,-1.418,95254.0,5.73,17.84,NORMAL,76,36.8503,28.675045,,,
12:25:11.178,TOWER-3BB8,34.6,0.011,83210.0,0,5.98,NORMAL,82,36.8512,28.6765,,,
12:25:12.464,TOWER-D018,48.8,-0.998,94029.0,6.94,18.44,NORMAL,76,36.8503,28.675045,,,
12:25:12.988,TOWER-3BB8,35.2,0.012,82314.0,0,6.36,NORMAL,80,36.8512,28.6765,,,
12:25:14.809,TOWER-D018,49.0,-0.699,95499.0,5.48,17.69,NORMAL,76,36.8503,28.675045,,,
12:25:15.231,TOWER-3BB8,35.0,0.057,81993.0,0,7.14,NORMAL,81,36.8512,28.6765,,,
12:25:16.959,TOWER-D018,48.4,-0.38,95499.0,5.48,17.33,NORMAL,76,36.8503,28.675045,,,
12:25:17.088,TOWER-3BB8,34.6,0.0,81833.0,0,5.76,NORMAL,80,36.8512,28.6765,,,
12:25:18.905,TOWER-D018,48.4,-0.298,95283.0,5.7,17.46,NORMAL,76,36.8503,28.675045,,,
12:25:19.677,TOWER-3BB8,34.8,0.011,81279.0,0,6.1,NORMAL,81,36.8512,28.6765,,,
12:25:20.914,TOWER-3BB8,35.4,0.022,82073.0,0,6.68,NORMAL,81,36.8512,28.6765,,,
12:25:20.950,TOWER-D018,48.0,-0.143,94852.0,6.12,17.47,NORMAL,76,36.8503,28.675045,,,
12:25:22.299,TOWER-D018,47.6,-0.16,94985.0,5.99,17.15,NORMAL,76,36.8503,28.675045,,,
12:25:23.410,TOWER-3BB8,35.4,0.033,82475.0,0,6.9,NORMAL,81,36.8512,28.6765,,,
12:25:24.341,TOWER-D018,47.8,-0.113,94960.0,6.02,17.29,NORMAL,76,36.8503,28.675045,,,
12:25:25.662,TOWER-3BB8,35.4,0.0,82153.0,0,6.24,NORMAL,81,36.8512,28.6765,,,
12:25:26.392,TOWER-D018,48.0,-0.034,94746.0,6.23,17.54,NORMAL,76,36.8503,28.675045,,,
12:25:27.507,TOWER-3BB8,35.8,0.065,82314.0,0,7.78,NORMAL,80,36.8512,28.6765,,,
12:25:28.411,TOWER-D018,48.2,-0.044,93794.0,7.17,18.22,NORMAL,76,36.8503,28.675045,,,
12:25:29.554,TOWER-3BB8,36.4,0.098,83046.0,0,8.8,NORMAL,81,36.8512,28.6765,,,
12:25:30.884,TOWER-D018,48.2,-0.033,93377.0,7.58,18.47,NORMAL,76,36.8503,28.675045,,,
12:25:31.308,TOWER-3BB8,36.2,0.055,82475.0,0,7.82,NORMAL,81,36.8512,28.6765,,,
12:25:32.536,TOWER-D018,47.8,-0.068,92555.0,8.4,18.72,NORMAL,76,36.8503,28.675045,,,
12:25:32.926,TOWER-3BB8,35.6,0.034,83292.0,0,7.04,NORMAL,80,36.8512,28.6765,,,
12:25:34.776,TOWER-D018,48.0,-0.022,94960.0,6.02,17.41,NORMAL,76,36.8503,28.675045,,,
12:25:35.004,TOWER-3BB8,35.6,0.056,83128.0,0,7.48,NORMAL,80,36.8512,28.6765,,,
12:25:36.569,TOWER-D018,48.2,-0.011,94215.0,6.75,17.97,NORMAL,76,36.8503,28.675045,,,
12:25:37.048,TOWER-3BB8,35.4,0.035,82394.0,0,6.94,NORMAL,80,36.8512,28.6765,,,
12:25:38.383,TOWER-D018,47.6,-0.023,94960.0,6.02,17.17,NORMAL,76,36.8503,28.675045,,,
12:25:39.075,TOWER-3BB8,35.6,0.011,82073.0,0,6.58,NORMAL,81,36.8512,28.6765,,,
12:25:40.818,TOWER-D018,47.4,-0.011,94426.0,6.55,17.37,NORMAL,76,36.8503,28.675045,,,
12:25:41.139,TOWER-3BB8,35.8,0.023,81358.0,0,6.94,NORMAL,81,36.8512,28.6765,,,
12:25:43.073,TOWER-D018,47.4,-0.021,94426.0,6.55,17.37,NORMAL,76,36.8503,28.675045,,,
12:25:43.142,TOWER-3BB8,36.0,0.034,81122.0,0,7.28,NORMAL,81,36.8512,28.6765,,,
12:25:45.018,TOWER-D018,47.4,-0.032,94639.0,6.34,17.24,NORMAL,76,36.8503,28.675045,,,
12:25:45.130,TOWER-3BB8,35.6,-0.011,82394.0,0,6.36,NORMAL,80,36.8512,28.6765,,,
12:25:46.464,TOWER-D018,47.0,-0.066,95634.0,5.35,16.41,NORMAL,76,36.8503,28.675045,,,
12:25:47.474,TOWER-3BB8,35.4,-0.056,81358.0,0,6.24,NORMAL,81,36.8512,28.6765,,,
12:25:48.348,TOWER-D018,47.2,-0.057,94932.0,6.05,16.95,NORMAL,76,36.8503,28.675045,,,
12:25:49.025,TOWER-3BB8,36.0,-0.011,80810.0,0,6.6,NORMAL,80,36.8512,28.6765,,,
12:25:50.859,TOWER-D018,47.6,-0.011,95797.0,5.19,16.67,NORMAL,76,36.8503,28.675045,,,
12:25:51.570,TOWER-3BB8,35.8,0.011,80424.0,0,6.7,NORMAL,81,36.8512,28.6765,,,
12:25:52.901,TOWER-D018,46.8,-0.066,95308.0,5.67,16.48,NORMAL,78,36.8503,28.675045,,,
12:25:53.123,TOWER-3BB8,35.4,-0.011,80193.0,0,6.24,NORMAL,80,36.8512,28.6765,,,
12:25:54.958,TOWER-D018,47.0,-0.065,96016.0,4.97,16.18,NORMAL,76,36.8503,28.675045,,,
12:25:55.174,TOWER-3BB8,35.6,0.011,79737.0,0,6.58,NORMAL,80,36.8512,28.6765,,,
12:25:56.294,TOWER-D018,47.2,-0.022,98261.0,2.75,14.97,NORMAL,76,36.8503,28.675045,,,
12:25:57.407,TOWER-3BB8,35.6,0.0,79965.0,0,6.36,NORMAL,81,36.8512,28.6765,,,
12:25:58.343,TOWER-D018,48.0,0.034,97350.0,3.65,16.67,NORMAL,76,36.8503,28.675045,,,
12:25:59.557,TOWER-3BB8,36.4,0.033,79137.0,0,7.5,NORMAL,81,36.8512,28.6765,,,
12:26:00.390,TOWER-D018,47.8,0.023,97013.0,3.99,16.53,NORMAL,78,36.8503,28.675045,,,
12:26:01.408,TOWER-3BB8,36.0,0.0,78035.0,0,6.6,NORMAL,81,36.8512,28.6765,,,
12:26:02.439,TOWER-D018,47.6,0.011,97294.0,3.71,16.01,NORMAL,76,36.8503,28.675045,,,
12:26:03.549,TOWER-3BB8,36.4,0.043,78035.0,0,7.7,NORMAL,80,36.8512,28.6765,,,
12:26:04.488,TOWER-D018,47.4,0.022,97576.0,3.43,15.94,NORMAL,76,36.8503,28.675045,,,
12:28:35.196,SISTEM,,,,,,,,,,,,📍 KAYIT BAŞLADI
